,date,high,low,open,close,adjust,volume
0,20160104,14.4,14.0,14.1,14.1,8.54,532510
1,20160105,14.2,14.0,14.0,14.0,8.48,1249090
2,20160106,14.1,14.0,14.0,14.1,8.54,251050
3,20160107,14.1,13.9,14.1,13.9,8.42,601470
4,20160108,13.9,13.7,13.8,13.8,8.36,646260
5,20160111,13.9,13.7,13.8,13.7,8.3,420860
6,20160112,13.9,13.7,13.7,13.9,8.42,517350
7,20160113,14.0,13.8,13.9,13.8,8.36,379460
8,20160114,13.8,13.6,13.7,13.8,8.36,458130
9,20160115,13.8,13.6,13.7,13.7,8.3,184170
10,20160118,13.6,13.1,13.6,13.3,8.06,1449410
11,20160119,13.5,13.2,13.2,13.5,8.18,462500
12,20160120,13.6,13.4,13.5,13.4,8.12,698530
13,20160121,13.5,13.2,13.3,13.3,8.06,937480
14,20160122,13.6,13.2,13.3,13.6,8.24,1056680
15,20160125,14.2,13.7,13.7,14.2,8.6,2057470
16,20160126,14.2,13.9,14.2,14.1,8.54,3260550
17,20160127,14.3,14.1,14.2,14.2,8.6,1474934
18,20160128,14.6,14.3,14.3,14.5,8.78,2905770
19,20160129,14.5,14.3,14.5,14.4,8.72,7710630
20,20160201,14.5,14.3,14.5,14.4,8.72,1100900
21,20160202,14.4,14.2,14.3,14.4,8.72,1005280
22,20160203,14.4,14.3,14.3,14.3,8.66,3023310
23,20160204,14.6,14.3,14.4,14.5,8.78,687940
24,20160205,14.8,14.5,14.5,14.7,8.91,1556380
25,20160215,15.2,14.8,15.0,15.0,9.09,2988150
26,20160216,15.0,14.8,15.0,15.0,9.09,1509220
27,20160217,15.0,14.9,15.0,14.9,9.03,1666010
28,20160218,15.1,14.9,15.0,14.9,9.03,2649910
29,20160219,15.6,14.9,15.1,15.5,9.39,21320170
30,20160222,15.7,15.5,15.6,15.5,9.39,8789450
31,20160223,15.6,15.3,15.5,15.3,9.27,6181160
32,20160224,15.4,15.0,15.1,15.3,9.27,6150650
33,20160225,15.4,15.1,15.3,15.1,9.15,1948280
34,20160226,15.1,14.9,15.1,15.0,9.09,2332800
35,20160229,15.0,14.6,15.0,14.6,8.84,1841140
36,20160301,15.1,14.5,14.5,15.1,9.15,2895210
37,20160302,15.2,14.9,15.1,15.0,9.09,3284990
38,20160303,15.1,14.9,15.0,15.0,9.09,1442570
39,20160304,15.1,14.9,15.0,15.0,9.09,2484770
40,20160307,15.0,14.8,14.8,14.8,8.97,1340280
41,20160308,14.8,14.7,14.8,14.8,8.97,1083480
42,20160309,15.0,14.8,14.8,14.9,9.03,2912210
43,20160310,15.0,14.8,14.9,15.0,9.09,942020
44,20160311,15.0,14.8,15.0,14.9,9.03,521390
45,20160314,14.9,14.7,14.9,14.7,8.91,1047150
46,20160315,14.8,14.6,14.8,14.7,8.91,11892220
47,20160316,14.7,14.6,14.7,14.7,8.91,865420
48,20160317,14.8,14.6,14.8,14.8,8.97,1405990
49,20160318,14.8,14.7,14.7,14.8,8.97,178560
50,20160321,14.8,14.6,14.7,14.7,8.91,10660900
51,20160322,14.8,14.6,14.7,14.6,8.84,993030
52,20160323,14.7,14.6,14.7,14.6,8.84,964570
53,20160324,14.7,14.5,14.6,14.5,8.78,10093310
54,20160325,14.6,14.5,14.5,14.6,8.84,7092470
55,20160328,14.6,14.5,14.6,14.6,8.84,997270
56,20160329,14.6,14.5,14.6,14.5,8.78,9728070
57,20160330,14.6,14.3,14.5,14.4,8.72,1620520
58,20160331,14.5,14.3,14.4,14.3,8.66,1038750
59,20160401,14.3,14.0,14.3,14.1,8.54,961250
60,20160404,14.2,14.0,14.1,14.1,8.54,531810
61,20160405,14.3,14.1,14.1,14.2,8.6,1646100
62,20160406,14.5,14.2,14.2,14.5,8.78,1164720
63,20160407,14.6,14.3,14.4,14.5,8.78,752910
64,20160408,14.5,14.3,14.5,14.4,8.72,802720
65,20160411,14.5,14.3,14.4,14.5,8.78,362830
66,20160412,14.5,14.3,14.5,14.4,8.72,690290
67,20160413,14.4,14.2,14.4,14.4,8.72,646590
68,20160414,14.5,14.3,14.3,14.5,8.78,322470
69,20160415,14.5,14.3,14.4,14.3,8.66,944010
70,20160419,14.4,14.2,14.3,14.4,8.72,449390
71,20160420,14.5,14.3,14.4,14.5,8.78,666740
72,20160421,14.6,14.3,14.4,14.6,8.84,578270
73,20160422,15.0,14.5,14.6,14.9,9.03,1772530
74,20160425,15.0,14.7,14.8,14.9,9.03,1110890
75,20160426,15.0,14.7,14.7,14.9,9.03,806090
76,20160427,14.9,14.7,14.7,14.7,8.91,1021140
77,20160428,14.8,14.7,14.8,14.8,8.97,765550
78,20160429,15.1,14.9,14.9,15.1,9.15,2274370
79,20160504,15.1,14.9,15.1,15.1,9.15,1662640
80,20160505,15.1,15.0,15.0,15.1,9.15,1051560
81,20160506,15.3,15.0,15.1,15.3,9.27,2318380
82,20160509,15.4,15.1,15.3,15.3,9.27,1338960
83,20160510,15.3,14.9,14.9,15.2,9.21,536500
84,20160511,15.3,15.2,15.2,15.3,9.27,1009960
85,20160512,15.3,15.1,15.3,15.1,9.15,323970
86,20160513,15.2,15.1,15.1,15.1,9.15,305860
87,20160516,15.1,15.0,15.1,15.0,9.09,323540
88,20160517,15.1,15.0,15.0,15.0,9.09,903250
89,20160518,15.5,15.0,15.1,15.3,9.27,3482360
90,20160519,15.7,15.2,15.3,15.6,9.45,5671620
91,20160520,15.9,15.5,15.6,15.7,9.51,4827930
92,20160523,15.7,15.4,15.7,15.4,9.33,2249500
93,20160524,15.6,15.2,15.3,15.5,9.39,2236940
94,20160525,15.5,15.2,15.5,15.2,9.21,578150
95,20160526,15.3,15.2,15.2,15.3,9.27,769830
96,20160527,15.5,15.2,15.3,15.4,9.33,2244640
97,20160530,15.6,15.4,15.4,15.6,9.45,2200360
98,20160531,15.7,15.4,15.6,15.6,9.45,929600
99,20160601,15.7,15.5,15.7,15.6,9.45,3260700
100,20160602,15.6,15.5,15.5,15.6,9.45,2942460
101,20160603,15.6,15.4,15.6,15.4,9.33,377530
102,20160606,15.5,15.3,15.4,15.3,9.27,1163570
103,20160607,15.5,15.3,15.3,15.5,9.39,1630160
104,20160608,15.6,15.4,15.5,15.4,9.33,1536150
105,20160609,15.6,15.3,15.4,15.5,9.39,1437310
106,20160610,15.9,15.4,15.5,15.4,9.33,5102400
107,20160613,15.4,15.3,15.4,15.3,9.27,86100
108,20160614,15.4,15.3,15.3,15.3,9.27,86120
109,20160615,15.4,15.1,15.4,15.3,9.27,290950
110,20160616,15.4,15.2,15.4,15.2,9.21,248630
111,20160617,15.3,15.1,15.2,15.2,9.21,207250
112,20160620,15.3,15.1,15.3,15.1,9.15,73780
113,20160621,15.2,15.1,15.2,15.1,9.15,128320
114,20160622,15.2,15.0,15.2,15.0,9.09,258250
115,20160623,15.1,15.0,15.1,15.0,9.09,135800
116,20160624,15.2,14.3,15.2,14.9,9.03,1263300
117,20160627,14.9,14.6,14.6,14.9,9.03,298250
118,20160628,15.0,14.8,14.9,14.9,9.03,112680
119,20160629,15.1,15.0,15.0,15.0,9.09,270460
120,20160630,15.0,14.9,15.0,14.9,9.03,197840
121,20160701,15.0,14.8,14.9,15.0,9.09,266490
122,20160704,15.1,14.9,14.9,15.0,9.09,1493151
123,20160705,15.3,15.0,15.0,15.2,9.21,772190
124,20160706,15.2,15.1,15.1,15.1,9.15,172439
125,20160707,15.2,15.1,15.1,15.1,9.15,282910
126,20160708,15.3,15.1,15.3,15.1,9.15,244820
127,20160711,15.2,15.0,15.1,15.2,9.21,271860
128,20160712,15.2,15.0,15.2,15.0,9.09,605160
129,20160713,15.3,15.0,15.1,15.3,9.27,5152940
130,20160714,15.8,15.3,15.3,15.5,9.39,811590
131,20160715,15.6,15.3,15.4,15.5,9.39,248660
132,20160718,15.6,15.3,15.5,15.5,9.39,986030
133,20160719,15.4,15.2,15.3,15.2,9.21,411690
134,20160720,15.3,15.1,15.2,15.1,9.15,512010
135,20160721,15.3,15.1,15.1,15.2,9.21,902560
136,20160722,15.2,15.0,15.2,15.2,9.21,965450
137,20160725,15.2,15.0,15.1,15.0,9.09,291070
138,20160726,15.3,15.1,15.3,15.1,9.15,997970
139,20160727,15.3,15.1,15.2,15.2,9.21,868100
140,20160728,15.2,15.1,15.2,15.1,9.15,205210
141,20160729,15.2,15.0,15.2,15.0,9.09,704340
142,20160801,15.1,15.0,15.1,15.0,9.09,361240
143,20160802,15.1,14.9,15.0,14.9,9.03,435060
144,20160803,15.0,14.8,15.0,14.9,9.03,116370
145,20160804,14.9,14.8,14.9,14.8,8.97,364470
146,20160805,14.8,14.7,14.7,14.8,8.97,166710
147,20160808,14.9,14.8,14.8,14.8,8.97,1090900
148,20160809,14.9,14.8,14.8,14.8,8.97,211270
149,20160810,15.0,14.8,14.9,14.9,9.03,210330
150,20160811,15.0,14.9,15.0,15.0,9.09,712300
151,20160812,15.1,14.9,15.1,14.9,9.03,605350
152,20160815,15.0,14.8,15.0,14.9,9.03,87270
153,20160816,14.9,14.8,14.9,14.8,8.97,140970
154,20160817,15.0,14.8,14.8,14.9,9.03,540100
155,20160818,15.0,14.8,14.8,14.9,9.03,394730
156,20160819,15.0,14.8,14.9,14.8,8.97,151050
157,20160822,14.9,14.8,14.8,14.8,8.97,141770
158,20160823,14.9,14.8,14.8,14.8,8.97,131080
159,20160824,14.9,14.8,14.8,14.8,8.97,140110
160,20160825,14.9,14.8,14.8,14.9,9.03,159620
161,20160826,14.9,14.8,14.9,14.9,9.03,138190
162,20160829,14.9,14.8,14.8,14.8,8.97,330930
163,20160830,14.9,14.8,14.9,14.8,8.97,418860
164,20160831,14.9,14.8,14.8,14.8,8.97,116320
165,20160901,14.8,14.7,14.8,14.8,8.97,126170
166,20160905,14.8,14.7,14.8,14.7,8.91,254740
167,20160906,14.8,14.7,14.8,14.7,8.91,430810
168,20160907,14.8,14.7,14.7,14.8,8.97,1967690
169,20160908,14.9,14.8,14.8,14.9,9.03,1356250
170,20160909,14.9,14.8,14.9,14.9,9.03,240610
171,20160912,14.95,14.8,14.9,14.9,9.03,254020
172,20160913,14.9,14.8,14.8,14.85,9.0,454740
173,20160914,14.85,14.75,14.85,14.8,8.97,438360
174,20160915,14.85,14.8,14.85,14.85,9.0,163050
175,20160916,14.85,14.75,14.8,14.75,8.94,120300
176,20160919,14.8,14.75,14.8,14.75,8.94,242090
177,20160920,14.8,14.7,14.75,14.75,8.94,1133130
178,20160921,14.75,14.7,14.7,14.7,8.91,201250
179,20160922,14.8,14.7,14.7,14.75,8.94,332620
180,20160923,14.8,14.7,14.75,14.75,8.94,1401640
181,20160926,14.75,14.7,14.7,14.75,8.94,548140
182,20160927,14.8,14.7,14.7,14.7,8.91,426860
183,20160928,14.8,14.65,14.7,14.7,8.91,965580
184,20160929,14.85,14.7,14.8,14.8,8.97,200950
185,20160930,14.9,14.75,14.8,14.9,9.03,691610
186,20161003,14.9,14.75,14.9,14.8,8.97,296270
187,20161004,14.8,14.7,14.7,14.75,8.94,502400
188,20161005,14.8,14.7,14.7,14.75,8.94,361860
189,20161006,14.9,14.75,14.8,14.9,9.03,610850
190,20161007,15.0,14.9,15.0,14.95,9.06,735950
191,20161010,14.95,14.8,14.95,14.85,9.0,278230
192,20161011,14.85,14.75,14.8,14.8,8.97,322790
193,20161012,14.85,14.8,14.85,14.8,8.97,461500
194,20161013,14.85,14.8,14.8,14.8,8.97,886710
195,20161014,15.1,14.85,14.85,14.85,9.0,704440
196,20161017,15.0,14.8,14.85,15.0,9.09,477660
197,20161018,15.0,14.9,14.9,15.0,9.09,162290
198,20161019,15.1,14.95,15.0,15.0,9.09,619660
199,20161020,15.0,14.95,15.0,15.0,9.09,277890
200,20161021,15.0,14.9,15.0,14.95,9.06,459200
201,20161024,14.6,14.2,14.5,14.35,9.13,490200
202,20161025,14.45,14.3,14.3,14.3,9.1,213730
203,20161026,14.4,14.25,14.3,14.25,9.06,113940
204,20161027,14.3,14.2,14.25,14.25,9.06,180870
205,20161028,14.3,14.25,14.25,14.25,9.06,160650
206,20161031,14.3,14.25,14.3,14.3,9.1,2296490
207,20161101,14.3,14.2,14.3,14.3,9.1,465500
208,20161102,14.3,14.15,14.3,14.2,9.03,288970
209,20161103,14.2,14.05,14.2,14.05,8.94,90350
210,20161104,14.0,13.9,13.95,13.9,8.84,234450
211,20161107,14.0,13.8,13.9,13.95,8.87,83300
212,20161108,14.1,13.9,14.1,14.0,8.91,1387680
213,20161109,14.0,13.1,14.0,13.8,8.78,298320
214,20161110,13.9,13.8,13.8,13.85,8.81,216490
215,20161111,13.95,13.8,13.9,13.8,8.78,86660
216,20161114,13.9,13.7,13.8,13.75,8.75,895380
217,20161115,13.8,13.65,13.75,13.7,8.71,174910
218,20161116,13.7,13.55,13.55,13.6,8.65,162280
219,20161117,13.7,13.5,13.6,13.55,8.62,160330
220,20161118,13.6,13.5,13.55,13.5,8.59,188030
221,20161121,13.55,13.4,13.5,13.4,8.52,251460
222,20161122,13.5,13.4,13.5,13.4,8.52,458600
223,20161123,13.55,13.4,13.45,13.45,8.56,390540
224,20161124,13.5,13.3,13.5,13.45,8.56,248790
225,20161125,13.45,13.3,13.45,13.35,8.49,128770
226,20161128,13.35,13.15,13.35,13.2,8.4,364250
227,20161129,13.3,13.15,13.2,13.3,8.46,55920
228,20161130,13.4,13.2,13.3,13.35,8.49,65710
229,20161201,13.4,13.25,13.35,13.25,8.43,598710
230,20161202,13.35,13.25,13.3,13.3,8.46,69980
231,20161205,13.3,13.2,13.25,13.2,8.4,260110
232,20161206,13.3,13.1,13.1,13.3,8.46,173330
233,20161207,13.4,13.15,13.2,13.15,8.36,147960
234,20161208,13.2,13.1,13.1,13.15,8.36,467320
235,20161209,13.3,13.1,13.3,13.3,8.46,120820
236,20161212,13.25,13.15,13.15,13.2,8.4,385750
237,20161213,13.2,13.1,13.2,13.2,8.4,220190
238,20161214,13.25,13.15,13.2,13.2,8.4,149550
239,20161215,13.2,13.15,13.2,13.15,8.36,97740
240,20161216,13.2,13.15,13.15,13.15,8.36,203090
241,20161219,13.4,13.15,13.15,13.25,8.43,252470
242,20161220,13.3,13.2,13.25,13.3,8.46,159480
243,20161221,13.3,13.25,13.3,13.3,8.46,170610
244,20161222,13.3,13.2,13.3,13.25,8.43,207470
245,20161223,13.25,13.2,13.25,13.2,8.4,163501
246,20161226,13.25,13.15,13.25,13.15,8.36,161870
247,20161227,13.25,13.15,13.2,13.25,8.43,177770
248,20161228,13.35,13.25,13.3,13.3,8.46,555240
249,20161229,13.4,13.3,13.3,13.4,8.52,159830
250,20161230,14.0,13.3,13.45,14.0,8.91,1305800
251,20170103,13.9,13.55,13.75,13.75,8.75,354170
252,20170104,13.9,13.6,13.9,13.6,8.65,408430
253,20170105,13.6,13.5,13.6,13.5,8.59,841670
254,20170106,13.85,13.5,13.6,13.75,8.75,1410600
255,20170109,13.8,13.7,13.75,13.7,8.71,437470
256,20170110,13.75,13.65,13.75,13.7,8.71,610360
257,20170111,13.8,13.7,13.7,13.75,8.75,653760
258,20170112,14.0,13.8,13.8,13.85,8.81,924630
259,20170113,13.9,13.75,13.9,13.75,8.75,2642568
260,20170116,13.75,13.6,13.75,13.65,8.68,203760
261,20170117,14.15,13.8,13.8,14.15,9.0,3510710
262,20170118,14.2,14.0,14.2,14.0,8.91,436170
263,20170119,14.1,13.85,14.1,13.9,8.84,401040
264,20170120,14.0,13.85,14.0,13.9,8.84,1298370
265,20170123,14.0,13.8,13.85,13.8,8.78,629050
266,20170124,14.1,13.8,13.8,14.1,8.97,459610
267,20170125,14.15,14.0,14.1,14.15,9.0,1362420
268,20170202,14.2,14.05,14.15,14.2,9.03,379300
269,20170203,14.3,14.1,14.2,14.15,9.0,603770
270,20170206,14.15,13.95,14.15,14.1,8.97,1190600
271,20170207,14.2,14.0,14.15,14.0,8.91,771750
272,20170208,14.15,14.0,14.15,14.15,9.0,828190
273,20170209,14.25,14.1,14.1,14.25,9.06,550440
274,20170210,14.25,14.15,14.25,14.15,9.0,212660
275,20170213,14.45,14.25,14.3,14.4,9.16,938710
276,20170214,14.5,14.3,14.5,14.3,9.1,577900
277,20170215,14.5,14.3,14.3,14.5,9.22,1654030
278,20170216,14.85,14.55,14.55,14.6,9.29,2260330
279,20170217,14.75,14.55,14.6,14.75,9.38,504390
280,20170220,14.75,14.65,14.7,14.65,9.32,558160
281,20170221,14.7,14.6,14.65,14.65,9.32,627760
282,20170222,14.7,14.5,14.65,14.65,9.32,940560
283,20170223,14.3,14.05,14.3,14.2,9.42,1503670
284,20170224,14.25,14.0,14.0,14.15,9.39,504590
285,20170227,14.15,14.0,14.1,14.1,9.35,890650
286,20170228,14.1,13.95,14.1,14.0,9.29,734370
287,20170301,14.1,13.85,14.1,13.95,9.25,265700
288,20170302,14.0,13.8,13.95,13.9,9.22,607910
289,20170303,13.95,13.7,13.8,13.8,9.15,473460
290,20170306,14.05,13.9,13.9,13.95,9.25,487720
291,20170307,13.95,13.9,13.95,13.95,9.25,424350
292,20170308,14.1,13.85,13.95,14.1,9.35,576870
293,20170309,14.7,14.05,14.1,14.55,9.65,2206040
294,20170310,14.85,14.4,14.4,14.4,9.55,1286280
295,20170313,14.7,14.3,14.4,14.7,9.75,902800
296,20170314,14.75,14.55,14.7,14.65,9.72,759180
297,20170315,14.65,14.5,14.6,14.5,9.62,355820
298,20170316,14.6,14.45,14.5,14.5,9.62,664420
299,20170317,14.65,14.45,14.45,14.5,9.62,894580
300,20170320,15.3,14.6,14.6,15.05,9.98,3793190
301,20170321,15.45,15.05,15.1,15.4,10.21,3912830
302,20170322,15.5,15.35,15.45,15.4,10.21,2798850
303,20170323,15.45,15.2,15.35,15.4,10.21,1778350
304,20170324,15.8,15.4,15.4,15.65,10.38,2046070
305,20170327,15.8,15.4,15.65,15.45,10.25,1025710
306,20170328,15.5,15.3,15.45,15.35,10.18,1252120
307,20170329,15.35,15.1,15.3,15.3,10.15,1310100
308,20170330,15.7,15.25,15.25,15.55,10.31,960860
309,20170331,15.55,15.25,15.55,15.35,10.18,492910
310,20170403,15.45,15.1,15.2,15.45,10.25,1053100
311,20170404,15.5,15.35,15.45,15.45,10.25,1077960
312,20170405,15.6,15.4,15.5,15.4,10.21,1279900
313,20170407,15.4,15.25,15.3,15.35,10.18,595431
314,20170410,15.35,15.25,15.25,15.3,10.15,387270
315,20170411,15.7,15.25,15.3,15.65,10.38,1398910
316,20170412,15.65,15.35,15.65,15.35,10.18,715733
317,20170413,15.55,15.3,15.5,15.5,10.28,479970
318,20170414,15.45,15.1,15.45,15.2,10.08,1070820
319,20170417,15.4,15.1,15.4,15.1,10.02,976370
320,20170418,15.2,14.9,15.1,15.2,10.08,521880
321,20170419,15.1,14.95,15.1,15.0,9.95,292420
322,20170420,15.1,14.95,14.95,15.0,9.95,792920
323,20170421,15.2,15.0,15.1,15.1,10.02,297740
324,20170424,15.05,14.95,15.0,14.95,9.92,645890
325,20170425,14.95,14.8,14.9,14.9,9.88,1108000
326,20170426,15.3,14.9,14.95,15.05,9.98,779060
327,20170427,15.4,15.05,15.2,15.2,10.08,2841720
328,20170428,15.85,15.2,15.2,15.8,10.48,2269460
329,20170503,16.8,15.8,15.8,16.8,11.14,5911150
330,20170504,16.8,16.45,16.8,16.5,10.94,3778570
331,20170505,17.0,16.4,16.4,16.7,11.08,2259900
332,20170508,16.75,16.4,16.7,16.4,10.88,2218200
333,20170509,16.7,16.4,16.4,16.65,11.04,1147100
334,20170510,17.2,16.6,16.6,16.9,11.21,3075660
335,20170511,17.0,16.75,16.9,16.9,11.21,967050
336,20170512,16.9,16.7,16.9,16.7,11.08,1151560
337,20170515,16.7,16.5,16.7,16.5,10.94,1878850
338,20170516,16.75,16.45,16.5,16.5,10.94,1604400
339,20170517,16.6,16.45,16.45,16.55,10.98,982720
340,20170518,17.4,16.6,16.6,17.2,11.41,7269482
341,20170519,17.75,17.3,17.3,17.75,11.77,3450580
342,20170522,18.6,17.8,17.85,18.3,12.14,3030910
343,20170523,18.25,17.6,18.0,17.6,11.67,4139982
344,20170524,18.8,17.6,17.6,18.8,12.47,6096650
345,20170525,19.7,19.0,19.3,19.1,12.67,6665180
346,20170526,19.6,19.0,19.0,19.45,12.9,2157830
347,20170529,19.6,19.15,19.45,19.2,12.73,4785230
348,20170530,19.5,18.9,19.2,19.0,12.6,3280310
349,20170531,19.2,18.8,19.0,18.85,12.5,2081840
350,20170601,19.15,18.85,19.0,19.1,12.67,1197560
351,20170602,19.25,18.9,19.2,19.0,12.6,962630
352,20170605,19.45,19.05,19.2,19.1,12.67,1883840
353,20170606,19.45,19.1,19.1,19.4,12.87,1802240
354,20170607,20.3,19.65,19.65,20.25,13.43,5870170
355,20170608,20.45,19.95,20.25,20.05,13.3,3408790
356,20170609,20.3,20.0,20.05,20.05,13.3,1664105
357,20170612,20.15,19.85,20.05,19.85,13.17,1751690
358,20170613,20.1,19.45,19.8,19.9,13.2,3093530
359,20170614,20.45,19.95,20.0,20.35,13.5,2980340
360,20170615,20.45,20.0,20.35,20.1,13.33,1653670
361,20170616,20.3,20.0,20.05,20.2,13.4,2205630
362,20170619,20.85,20.15,20.2,20.75,13.76,2811560
363,20170620,21.5,20.9,20.9,21.4,14.19,3609770
364,20170621,21.9,20.75,21.4,21.9,14.53,5009800
365,20170622,22.3,21.6,21.6,21.7,14.39,14404840
366,20170623,21.6,21.2,21.5,21.5,14.26,2762290
367,20170626,21.9,21.25,21.35,21.7,14.39,2439590
368,20170627,21.85,21.5,21.7,21.7,14.39,1522530
369,20170628,21.8,21.5,21.55,21.8,14.46,1070020
370,20170629,22.4,21.85,22.0,22.3,14.79,2200730
371,20170630,22.75,22.3,22.3,22.3,14.79,5052959
372,20170703,22.55,22.2,22.5,22.25,14.76,1489400
373,20170704,22.25,21.8,22.25,22.0,14.59,2803570
374,20170705,22.0,21.5,21.9,21.75,14.43,3613150
375,20170706,21.95,21.7,21.95,21.8,14.46,1754800
376,20170707,21.9,21.35,21.75,21.4,14.19,3273960
377,20170710,21.4,20.6,21.3,20.75,13.76,3314790
378,20170711,21.2,20.5,20.75,21.2,14.06,3261390
379,20170712,21.5,21.3,21.4,21.3,14.13,1480640
380,20170713,21.4,21.1,21.3,21.35,14.16,817410
381,20170714,21.5,21.15,21.35,21.25,14.09,798560
382,20170717,21.4,20.55,21.05,20.6,13.66,2596150
383,20170718,20.85,20.0,20.55,20.7,13.73,1766230
384,20170719,20.95,20.5,20.95,20.5,13.6,639030
385,20170720,20.8,20.2,20.5,20.8,13.8,2151450
386,20170721,20.9,20.3,20.8,20.3,13.46,1827477
387,20170724,20.7,20.2,20.4,20.7,13.73,1455550
388,20170725,22.1,20.6,20.6,22.1,14.66,3618050
389,20170726,22.65,21.9,22.2,22.1,14.66,4363926
390,20170727,22.45,22.0,22.1,22.2,14.72,2184450
391,20170728,23.5,22.2,22.2,23.5,15.59,6617260
392,20170731,24.1,23.35,23.5,23.8,15.79,5033080
393,20170801,23.7,23.3,23.6,23.7,15.72,2723330
394,20170802,24.0,23.0,23.3,23.5,15.59,4344820
395,20170803,23.7,22.8,23.3,23.5,15.59,8086260
396,20170804,23.8,23.2,23.8,23.3,15.45,1526250
397,20170807,23.75,23.2,23.3,23.7,15.72,5058120
398,20170808,23.7,23.1,23.7,23.3,15.45,4886580
399,20170809,23.3,22.0,23.3,22.45,14.89,7408710
400,20170810,22.65,22.1,22.3,22.5,14.92,3838290
401,20170811,22.65,22.25,22.4,22.4,14.86,3662844
402,20170814,23.25,22.35,22.4,23.2,15.39,5484150
403,20170815,23.3,22.9,23.3,22.9,15.19,1457860
404,20170816,22.9,22.45,22.9,22.75,15.09,1780090
405,20170817,22.75,22.05,22.75,22.05,14.63,3817567
406,20170818,22.4,21.7,21.9,22.4,14.86,2305430
407,20170821,22.45,22.1,22.4,22.2,14.72,1153860
408,20170822,22.3,21.7,22.2,22.0,14.59,1825920
409,20170823,22.15,21.8,22.0,22.0,14.59,1248120
410,20170824,22.8,21.95,21.95,22.8,15.12,4926940
411,20170825,23.2,22.75,22.85,22.95,15.22,3125910
412,20170828,23.3,22.75,22.75,23.05,15.29,2172800
413,20170829,23.4,22.9,23.0,22.95,15.22,4206280
414,20170830,23.4,22.95,23.15,23.2,15.39,2376480
415,20170831,24.0,23.2,23.3,23.75,15.75,6772570
416,20170901,23.9,23.25,23.9,23.45,15.55,3641190
417,20170905,23.65,23.25,23.4,23.35,15.49,2828120
418,20170906,23.35,23.05,23.3,23.35,15.49,2406130
419,20170907,23.6,23.2,23.3,23.2,15.39,2913730
420,20170908,23.3,22.75,23.2,22.75,15.09,4304960
421,20170911,22.9,22.45,22.6,22.45,14.89,4220150
422,20170912,23.1,22.4,22.4,23.0,15.26,6404130
423,20170913,23.3,23.0,23.1,23.0,15.26,1494240
424,20170914,23.4,23.1,23.15,23.1,15.32,2064800
425,20170915,23.1,22.85,23.1,22.9,15.19,1879360
426,20170918,23.3,22.9,23.0,23.0,15.26,2637410
427,20170919,23.3,22.9,23.0,22.9,15.19,2567700
428,20170920,23.0,22.85,22.9,22.95,15.22,1540880
429,20170921,23.25,22.9,22.95,23.15,15.35,2233030
430,20170922,23.4,22.95,23.2,22.95,15.22,3779620
431,20170925,23.1,22.85,22.95,22.9,15.19,2413350
432,20170926,22.95,22.65,22.95,22.75,15.09,2963140
433,20170927,22.8,22.65,22.8,22.7,15.06,1835200
434,20170928,22.8,22.45,22.75,22.55,14.96,7010940
435,20170929,22.15,21.7,21.8,21.75,15.15,2748600
436,20171002,22.15,21.5,21.75,21.6,15.04,2681130
437,20171003,21.7,21.2,21.7,21.55,15.01,1621060
438,20171004,22.4,21.55,21.6,22.4,15.6,4087740
439,20171005,22.75,22.1,22.55,22.1,15.39,4216170
440,20171006,23.2,22.1,22.1,23.1,16.09,7727750
441,20171009,23.6,23.1,23.45,23.2,16.16,6612750
442,20171010,23.65,23.1,23.1,23.35,16.26,6385620
443,20171011,23.65,23.15,23.35,23.3,16.23,4937389
444,20171012,23.5,23.1,23.4,23.1,16.09,4454730
445,20171013,23.35,23.1,23.1,23.35,16.26,3369480
446,20171016,23.65,23.1,23.6,23.1,16.09,3933190
447,20171017,23.45,23.1,23.1,23.45,16.33,5036910
448,20171018,23.6,23.1,23.55,23.1,16.09,4593560
449,20171019,23.15,22.6,23.1,22.6,15.74,6304060
450,20171020,22.85,22.45,22.6,22.5,15.67,3763540
451,20171023,22.5,22.0,22.2,22.2,15.46,3062430
452,20171024,22.35,22.1,22.1,22.35,15.57,3748320
453,20171025,22.75,22.45,22.5,22.7,15.81,7486845
454,20171026,22.75,22.3,22.65,22.5,15.67,3024690
455,20171027,23.0,22.5,22.5,23.0,16.02,4679630
456,20171030,23.2,22.6,23.1,22.6,15.74,3708080
457,20171031,22.95,22.45,22.6,22.6,15.74,3509520
458,20171101,22.85,22.6,22.65,22.65,15.77,2467440
459,20171102,22.95,22.2,22.8,22.45,15.63,3923110
460,20171103,22.65,22.35,22.5,22.65,15.77,1755720
461,20171106,22.9,22.6,22.7,22.9,15.95,2992880
462,20171107,23.4,22.8,22.9,23.25,16.19,7034700
463,20171108,23.9,23.3,23.35,23.8,16.57,8313850
464,20171109,23.9,23.45,23.9,23.5,16.37,6644980
465,20171110,24.0,23.25,23.45,23.55,16.4,8600262
466,20171113,23.6,23.05,23.55,23.05,16.05,6356660
467,20171114,23.4,22.7,23.15,23.1,16.09,4351390
468,20171115,23.2,22.85,22.9,22.9,15.95,3676850
469,20171116,23.35,22.85,22.9,23.3,16.23,5243540
470,20171117,23.75,23.3,23.5,23.6,16.44,5474220
471,20171120,24.0,23.5,23.65,23.75,16.54,4037860
472,20171121,24.7,23.7,23.9,24.0,16.71,9629430
473,20171122,24.4,23.9,24.05,24.2,16.85,11311110
474,20171123,25.2,24.2,24.8,24.7,17.2,11421730
475,20171124,25.05,24.4,24.7,24.75,17.24,4520140
476,20171127,25.0,24.4,24.8,24.4,16.99,5966930
477,20171128,24.55,24.1,24.35,24.25,16.89,6589970
478,20171129,25.0,24.25,24.4,25.0,17.41,5515500
479,20171130,25.7,25.1,25.1,25.6,17.83,7874150
480,20171201,25.7,25.4,25.6,25.5,17.76,4492440
481,20171204,25.95,25.65,25.8,25.85,18.0,6606710
482,20171205,25.95,24.9,25.85,24.9,17.34,7974410
483,20171206,25.0,24.35,25.0,24.9,17.34,6270110
484,20171207,25.2,24.6,25.0,24.7,17.2,2820671
485,20171208,25.05,24.55,24.8,24.9,17.34,2645200
486,20171211,24.75,24.0,24.65,24.0,16.71,4007840
487,20171212,24.45,22.35,24.1,24.0,16.71,7864550
488,20171213,24.2,23.25,24.15,23.25,16.19,6706174
489,20171214,24.2,23.3,23.4,24.0,16.71,3479840
490,20171215,24.25,23.9,24.05,24.25,16.89,2556090
491,20171218,24.7,24.25,24.3,24.7,17.2,4584260
492,20171219,24.75,24.35,24.65,24.55,17.1,4087410
493,20171220,25.05,24.4,24.6,24.9,17.34,6706880
494,20171221,25.35,24.85,25.0,24.95,17.38,5668610
495,20171222,25.3,24.75,24.95,25.25,17.58,4800810
496,20171225,25.6,24.9,25.3,25.0,17.41,4788750
497,20171226,25.1,24.65,24.7,25.0,17.41,5130630
498,20171227,25.4,24.9,25.0,25.1,17.48,7750370
499,20171228,25.65,25.05,25.2,25.65,17.86,10532260
500,20171229,25.85,25.4,25.75,25.4,17.69,4708670
501,20180102,26.55,25.35,25.5,26.55,18.49,7863840
502,20180103,26.85,26.2,26.6,26.3,18.32,7574260
503,20180104,26.55,26.15,26.45,26.35,18.35,6492090
504,20180105,26.45,25.95,26.4,26.15,18.21,9788120
505,20180108,27.45,26.05,26.1,27.45,19.12,9272660
506,20180109,28.0,26.6,27.6,27.7,19.29,8889960
507,20180110,28.1,27.3,27.5,27.75,19.33,6655410
508,20180111,28.4,27.5,27.75,28.15,19.6,9781190
509,20180112,28.8,27.4,28.4,27.5,19.15,10971780
510,20180115,28.45,27.45,27.8,28.3,19.71,6344120
511,20180116,28.55,27.8,27.9,28.55,19.88,6076720
512,20180117,28.55,27.4,28.05,27.4,19.49,9349180
513,20180118,28.0,26.9,27.2,28.0,19.92,5475130
514,20180119,28.3,27.75,28.3,27.8,19.78,6430290
515,20180122,28.15,27.85,28.1,28.0,19.92,5134220
516,20180125,29.95,28.35,28.5,29.7,21.13,17567890
517,20180126,31.7,29.7,30.0,31.5,22.41,8735830
518,20180129,33.55,31.9,31.9,33.1,23.55,8315590
519,20180130,33.15,31.8,32.1,32.8,23.33,7295080
520,20180131,32.7,31.85,32.0,31.9,22.69,8748990
521,20180201,31.9,30.6,31.9,30.7,21.84,11234741
522,20180202,31.6,30.6,30.7,31.0,22.05,6834660
523,20180205,30.5,28.9,30.3,29.0,20.63,6908550
524,20180206,29.0,27.0,27.8,27.8,19.78,10584350
525,20180207,29.5,28.8,29.4,29.2,20.77,6355570
526,20180208,29.15,28.3,29.0,28.3,20.13,1965110
527,20180209,29.0,27.2,27.3,28.9,20.56,4283380
528,20180212,30.9,29.5,30.0,30.9,21.98,5392020
529,20180213,31.9,31.2,31.2,31.5,22.41,7172700
530,20180221,32.4,31.4,31.7,31.7,22.55,4516560
531,20180222,32.2,31.0,31.0,31.55,22.44,8399410
532,20180223,33.0,31.45,31.6,33.0,23.47,9218236
533,20180226,33.55,32.5,33.4,32.55,23.15,8537260
534,20180227,32.9,32.15,32.7,32.8,23.33,4861880
535,20180228,34.4,32.3,32.35,34.4,24.47,11967370
536,20180301,34.9,33.35,34.0,33.9,24.12,9826380
537,20180302,34.2,33.2,33.3,34.2,24.33,4739470
538,20180305,34.95,32.5,34.5,32.5,23.12,6723620
539,20180306,34.4,32.55,33.0,34.0,24.19,7343630
540,20180307,34.35,32.5,34.1,33.0,23.47,8848710
541,20180308,33.5,32.95,33.2,33.05,23.51,3877190
542,20180309,33.8,33.2,33.65,33.5,23.83,4525360
543,20180312,34.3,33.75,33.8,33.8,24.04,6601200
544,20180313,34.7,33.6,33.8,34.7,24.68,7610910
545,20180314,35.4,34.7,35.1,34.8,24.76,9640500
546,20180315,36.4,34.6,34.8,35.95,25.57,7749130
547,20180316,36.45,35.3,36.0,36.0,25.61,5954490
548,20180319,36.65,35.7,36.0,35.9,25.54,10021700
549,20180320,36.75,35.5,35.5,36.4,25.89,9177040
550,20180321,37.05,36.5,36.6,36.8,26.18,6558980
551,20180322,36.9,35.85,36.8,36.0,25.61,7121858
552,20180323,35.5,34.45,35.0,35.5,25.25,10031400
553,20180326,35.8,35.1,35.1,35.8,25.47,4676310
554,20180327,36.4,35.7,36.4,35.8,25.47,5095660
555,20180328,35.85,35.2,35.6,35.4,25.18,7612758
556,20180329,35.7,34.5,35.7,35.2,25.04,4217810
557,20180330,35.4,34.35,35.3,34.7,24.68,4708770
558,20180402,35.95,34.7,34.7,35.8,25.47,4871610
559,20180403,36.7,35.8,36.2,36.7,26.11,10573517
560,20180404,37.45,36.5,37.0,36.5,25.96,9346550
561,20180405,36.9,36.45,36.9,36.7,26.11,4587940
562,20180406,37.05,36.55,36.9,36.6,26.04,5639390
563,20180409,37.0,36.0,36.65,36.8,26.18,7916060
564,20180410,37.4,35.9,36.9,36.55,26.0,9666280
565,20180411,36.65,35.2,36.65,35.2,25.04,10600560
566,20180412,35.3,34.5,34.9,34.8,24.76,7949280
567,20180413,35.3,33.1,35.1,33.1,23.55,7119030
568,20180416,34.05,33.1,33.3,33.6,23.9,7192630
569,20180417,34.5,33.55,33.9,34.5,24.54,4365500
570,20180418,34.7,33.65,34.65,33.65,23.94,3082200
571,20180419,33.65,31.7,33.6,31.9,22.69,8926870
572,20180420,33.0,31.7,32.5,32.85,23.37,5581890
573,20180423,33.0,30.6,30.6,30.6,21.77,8386130
574,20180424,31.1,29.6,30.35,30.55,21.73,7248880
575,20180426,30.8,28.5,30.75,28.5,20.27,7502480
576,20180427,30.0,28.5,28.5,29.9,21.27,6485310
577,20180502,30.25,28.0,29.3,29.3,20.84,5313120
578,20180503,30.25,28.1,28.8,30.25,21.52,10609030
579,20180504,30.9,30.1,30.5,30.7,21.84,5170940
580,20180507,32.35,30.7,31.0,32.2,22.91,12419450
581,20180508,32.3,31.4,32.0,31.5,22.41,6063130
582,20180509,31.9,30.95,31.4,31.2,22.19,3765330
583,20180510,31.25,29.45,31.0,29.55,21.02,5568600
584,20180511,30.55,28.95,29.3,30.55,21.73,3364830
585,20180514,31.0,30.15,30.9,31.0,22.05,3150770
586,20180515,31.55,30.7,30.85,31.0,22.05,4399980
587,20180516,31.0,30.15,30.75,30.3,21.55,2470240
588,20180517,30.5,29.8,30.3,29.9,21.27,3971090
589,20180518,30.3,28.7,30.0,30.3,21.55,7600630
590,20180521,30.6,29.6,30.6,29.6,21.06,4283170
591,20180522,29.55,28.0,29.2,28.8,20.49,7228700
592,20180523,29.5,28.35,28.5,29.3,20.84,3373680
593,20180524,29.7,28.8,29.3,29.25,20.81,4453030
594,20180525,29.55,28.2,29.25,28.2,20.06,5483990
595,20180528,28.2,26.25,27.6,26.3,18.71,9626650
596,20180529,28.1,26.3,26.8,28.1,19.99,6364560
597,20180530,28.35,27.4,28.0,27.55,19.6,4237350
598,20180531,29.15,27.4,27.4,29.1,20.7,5285220
599,20180601,29.7,28.7,28.9,29.25,20.81,7340120
600,20180604,30.45,29.0,29.1,30.45,21.66,6752680
601,20180605,30.8,29.8,30.4,30.45,21.66,5782150
602,20180606,30.75,29.9,30.1,30.55,21.73,7349580
603,20180607,31.4,30.6,30.8,30.9,21.98,9395250
604,20180608,31.0,30.0,30.4,30.75,21.87,4837090
605,20180611,31.15,30.25,30.4,30.3,21.55,5690700
606,20180612,30.1,28.65,30.0,29.45,20.95,11920280
607,20180613,29.7,28.8,29.4,29.5,20.99,4113320
608,20180614,29.6,28.6,29.5,28.6,20.34,3956850
609,20180615,29.5,28.3,28.3,29.4,20.91,3783790
610,20180618,29.65,27.9,29.45,28.0,19.92,6009530
611,20180619,27.65,26.1,27.5,27.5,19.56,9251237
612,20180620,28.25,27.35,27.8,27.9,19.85,4995715
613,20180621,27.9,27.0,27.9,27.1,19.28,2531790
614,20180622,27.9,26.6,26.9,27.9,19.85,3260850
615,20180625,28.6,28.05,28.2,28.2,20.06,3920670
616,20180626,28.1,27.5,27.75,27.9,19.85,3642402
617,20180627,28.1,27.3,28.0,27.3,19.42,2415837
618,20180628,27.3,26.3,26.9,26.5,18.85,5509580
619,20180629,26.9,26.1,26.5,26.2,18.64,3620420
620,20180702,26.15,24.7,25.6,24.85,17.68,5980920
621,20180703,25.15,23.4,24.9,23.45,16.68,7119630
622,20180704,24.05,23.35,24.0,23.9,17.0,3683927
623,20180705,24.1,22.55,23.9,22.55,16.04,4573210
624,20180706,20.25,18.95,19.2,20.25,17.14,5926790
625,20180709,21.15,20.15,20.8,20.4,17.27,4261630
626,20180710,20.95,20.4,20.75,20.6,17.44,3273360
627,20180711,20.1,19.25,19.8,19.4,16.42,5391670
628,20180712,20.6,19.35,20.2,20.2,17.1,3513360
629,20180713,21.1,20.5,20.7,20.8,17.61,5879910
630,20180716,21.65,21.05,21.35,21.4,18.12,6714400
631,20180717,22.5,21.0,21.05,22.35,18.92,6053540
632,20180718,23.2,22.4,22.45,23.1,19.56,6039310
633,20180719,23.1,22.5,23.0,22.6,19.13,9188670
634,20180720,23.5,22.0,23.3,23.3,19.72,8819980
635,20180723,23.75,22.85,22.85,22.85,19.34,5955890
636,20180724,23.05,22.2,22.75,22.6,19.13,4719580
637,20180725,22.95,22.0,22.8,22.0,18.62,5624560
638,20180726,22.5,21.65,22.0,22.5,19.05,4373190
639,20180727,23.25,22.45,22.65,23.0,19.47,7217640
640,20180730,23.5,23.15,23.3,23.5,19.89,4237610
641,20180731,23.9,23.0,23.2,23.45,19.85,6373030
642,20180801,23.6,22.9,23.3,23.1,19.56,4816740
643,20180802,23.05,22.4,23.05,22.95,19.43,5443377
644,20180803,23.45,22.95,23.2,23.1,19.56,4463490
645,20180806,23.3,22.75,22.9,22.85,19.34,3458140
646,20180807,23.25,22.6,22.8,22.8,19.3,4094050
647,20180808,23.5,22.85,23.0,23.3,19.72,5287700
648,20180809,23.8,23.15,23.65,23.15,19.6,6673750
649,20180810,23.25,22.9,23.1,23.25,19.68,4502690
650,20180813,24.35,23.05,23.15,24.35,20.61,12961940
651,20180814,24.5,23.85,24.35,23.85,20.19,6323050
652,20180815,24.2,23.3,23.9,23.3,19.72,10837570
653,20180816,23.7,22.8,23.0,23.7,20.06,7552020
654,20180817,23.95,23.4,23.9,23.4,19.81,4923520
655,20180820,23.55,22.9,23.4,22.9,19.39,5231960
656,20180821,23.45,22.85,22.85,23.45,19.85,5127320
657,20180822,23.7,23.3,23.7,23.4,19.81,5506464
658,20180823,23.55,23.3,23.4,23.45,19.85,3853100
659,20180824,23.75,23.0,23.5,23.5,19.89,6638051
660,20180827,24.15,23.55,23.7,23.9,20.23,11328550
661,20180828,24.25,23.8,24.05,23.9,20.23,6414331
662,20180829,23.95,23.65,23.9,23.75,20.11,4080410
663,20180830,24.15,23.65,23.7,24.1,20.4,6520160
664,20180831,24.4,23.7,24.2,23.7,20.06,6531540
665,20180904,23.75,23.1,23.6,23.1,19.56,6862680
666,20180905,23.2,22.6,23.0,22.75,19.26,7095770
667,20180906,22.95,22.35,22.75,22.45,19.01,4313740
668,20180907,22.85,22.4,22.45,22.85,19.34,3795440
669,20180910,22.9,22.55,22.85,22.65,19.17,2735620
670,20180911,23.0,22.6,22.65,23.0,19.47,3731660
671,20180912,23.2,22.75,23.1,22.75,19.26,3318140
672,20180913,23.1,22.75,22.9,22.8,19.3,3451510
673,20180914,22.9,22.4,22.8,22.6,19.13,10570970
674,20180917,22.6,22.0,22.5,22.1,18.71,8582510
675,20180918,22.15,21.7,21.8,22.1,18.71,5675280
676,20180919,22.55,22.1,22.1,22.4,18.96,5677510
677,20180920,22.7,22.35,22.4,22.6,19.13,4336940
678,20180921,23.05,22.55,22.7,22.95,19.43,8990330
679,20180924,23.4,23.1,23.1,23.2,19.64,6826500
680,20180925,23.3,22.9,22.9,22.9,19.39,5973420
681,20180926,23.25,22.8,22.85,23.0,19.47,5566750
682,20180927,23.1,22.9,23.1,23.0,19.47,4363390
683,20180928,23.4,22.95,23.0,23.1,19.56,7447411
684,20181001,23.4,22.95,23.1,23.1,19.56,5220190
685,20181002,23.15,22.85,23.1,22.9,19.39,4969340
686,20181003,23.1,22.9,22.95,23.1,19.56,3420120
687,20181004,24.3,23.2,23.25,24.0,20.32,21454340
688,20181005,24.25,23.7,24.0,23.7,20.06,7423070
689,20181008,23.85,23.5,23.6,23.75,20.11,5122700
690,20181009,23.8,23.05,23.75,23.05,19.51,12851160
691,20181010,22.95,22.45,22.9,22.75,19.26,11204970
692,20181011,22.2,21.25,21.25,21.25,17.99,10836560
693,20181012,21.95,21.0,21.0,21.8,18.45,8482230
694,20181015,21.9,21.3,21.9,21.3,18.03,4251170
695,20181016,21.9,21.3,21.3,21.75,18.41,6072870
696,20181017,22.1,21.55,21.65,21.65,18.33,7084300
697,20181018,21.65,21.15,21.65,21.15,17.9,4181130
698,20181019,21.35,20.7,20.8,21.0,17.78,5060400
699,20181022,21.7,21.1,21.55,21.1,17.86,3955760
700,20181023,21.6,20.85,21.1,21.4,18.12,7834000
701,20181024,21.6,21.05,21.4,21.05,17.82,3211900
702,20181025,21.05,20.35,20.4,21.0,17.78,5571150
703,20181026,21.45,20.9,21.2,21.05,17.82,5357040
704,20181029,21.3,20.95,21.0,21.25,17.99,3861530
705,20181030,21.7,21.15,21.25,21.35,18.07,5457910
706,20181031,21.9,21.5,21.7,21.9,18.54,5037930
707,20181101,21.9,21.5,21.8,21.5,18.2,2787460
708,20181102,22.15,21.55,21.7,21.8,18.45,4290860
709,20181105,21.95,21.55,21.7,21.85,18.5,3077230
710,20181106,22.0,21.5,22.0,21.5,18.2,3881010
711,20181107,21.65,21.35,21.65,21.5,18.2,3486940
712,20181108,21.8,21.4,21.8,21.4,18.12,2381535
713,20181109,21.45,20.85,21.45,20.9,17.69,4471580
714,20181112,20.95,20.5,20.5,20.8,17.61,1643350
715,20181113,20.7,20.4,20.5,20.55,17.4,2868460
716,20181114,20.7,20.1,20.55,20.25,17.14,4022210
717,20181115,20.9,20.25,20.25,20.45,17.31,3299020
718,20181116,21.35,20.7,20.7,21.25,17.99,5174300
719,20181119,21.35,21.0,21.25,21.3,18.03,3227780
720,20181120,21.2,20.9,21.05,21.1,17.86,3828300
721,20181121,21.35,20.9,20.9,21.35,18.07,5158062
722,20181122,21.4,21.15,21.3,21.2,17.95,4230020
723,20181123,21.2,20.95,21.2,20.95,17.74,4159900
724,20181126,20.95,20.8,20.95,20.8,17.61,2628870
725,20181127,21.0,20.55,20.95,20.65,17.48,4043460
726,20181128,20.85,20.6,20.7,20.85,17.65,2219320
727,20181129,21.1,20.8,20.85,20.9,17.69,4283920
728,20181130,21.95,20.8,20.8,21.55,18.24,20714536
729,20181203,22.2,21.65,21.65,22.15,18.75,10288180
730,20181204,22.2,21.9,22.1,22.0,18.62,7706990
731,20181205,22.4,21.55,21.7,22.2,18.79,12929350
732,20181206,22.6,22.05,22.2,22.5,19.05,16333360
733,20181207,22.9,22.5,22.55,22.5,19.05,11401520
734,20181210,22.45,21.95,22.3,22.1,18.71,7878260
735,20181211,22.3,21.9,22.15,22.25,18.84,8893930
736,20181212,22.55,22.25,22.25,22.5,19.05,11993725
737,20181213,22.65,22.2,22.6,22.2,18.79,6756620
738,20181214,22.15,21.7,22.1,21.8,18.45,8540850
739,20181217,21.7,21.25,21.6,21.25,17.99,9396020
740,20181218,21.3,20.85,20.9,21.3,18.03,8851800
741,20181219,21.3,20.9,21.3,21.15,17.9,6202140
742,20181220,21.25,20.9,21.05,20.95,17.74,4109140
743,20181221,20.95,20.65,20.85,20.95,17.74,5483190
744,20181224,21.05,20.45,20.9,20.45,17.31,4676860
745,20181225,20.1,19.35,19.85,19.7,16.68,10576230
746,20181226,19.9,19.6,19.75,19.6,16.59,2798340
747,20181227,20.1,19.55,20.0,19.7,16.68,5415110
748,20181228,19.9,19.45,19.9,19.45,16.47,5448870
749,20190102,19.7,19.35,19.35,19.35,16.38,3645490
750,20190103,19.4,18.5,19.4,18.5,15.66,9137930
751,20190104,18.9,18.05,18.4,18.6,15.75,6498070
752,20190107,19.25,18.9,19.0,18.95,16.04,4339200
753,20190108,19.1,18.75,19.0,18.85,15.96,3172190
754,20190109,19.45,18.95,19.0,19.35,16.38,5964110
755,20190110,19.5,19.25,19.35,19.35,16.38,2885650
756,20190111,19.45,19.15,19.35,19.25,16.3,3589820
757,20190114,19.3,18.9,19.15,19.0,16.08,4804200
758,20190115,19.65,19.0,19.0,19.5,16.51,6045240
759,20190116,19.75,19.35,19.45,19.45,16.47,3205890
760,20190117,20.0,19.45,19.45,19.75,16.72,6675580
761,20190118,19.9,19.6,19.85,19.75,16.72,3121270
762,20190121,21.1,20.3,20.5,21.0,17.78,10050870
763,20190122,21.05,20.6,21.0,20.6,17.44,5700760
764,20190123,20.8,20.5,20.55,20.7,17.52,2483540
765,20190124,21.2,20.7,20.75,21.2,17.95,5012140
766,20190125,21.3,21.05,21.2,21.15,17.9,3410930
767,20190128,21.2,20.95,21.1,21.05,17.82,2898640
768,20190129,21.35,20.8,21.0,21.3,18.03,4211560
769,20190130,21.85,21.2,21.3,21.8,18.45,6956410
770,20190131,22.15,21.85,22.0,21.9,18.54,7363190
771,20190201,21.95,21.7,21.8,21.85,18.5,3947520
772,20190211,22.1,21.9,21.95,22.05,18.67,4238890
773,20190212,22.15,21.7,22.15,22.0,18.62,8286220
774,20190213,22.1,21.95,22.0,22.0,18.62,7843680
775,20190214,22.1,21.95,22.0,22.1,18.71,5052420
776,20190215,22.15,22.0,22.1,22.05,18.67,4795580
777,20190218,22.2,22.05,22.1,22.1,18.71,6780490
778,20190219,22.1,21.9,22.1,21.95,18.58,13646940
779,20190220,22.05,21.8,21.8,22.05,18.67,10123737
780,20190221,22.1,21.95,22.0,22.1,18.71,7998970
781,20190222,22.9,22.0,22.1,22.5,19.05,7480170
782,20190225,22.8,22.45,22.6,22.45,19.01,5173740
783,20190226,22.45,22.05,22.45,22.05,18.67,6790020
784,20190227,22.2,22.0,22.05,22.05,18.67,13462193
785,20190228,22.05,21.5,22.0,21.5,18.2,6437530
786,20190301,21.85,21.55,21.65,21.8,18.45,2632790
787,20190304,22.15,21.75,21.8,22.15,18.75,3794740
788,20190305,22.4,22.05,22.05,22.15,18.75,4786880
789,20190306,22.3,22.0,22.15,22.15,18.75,2665120
790,20190307,22.3,22.1,22.15,22.2,18.79,3234677
791,20190308,22.1,21.8,22.0,21.85,18.5,3277410
792,20190311,21.95,21.75,21.95,21.8,18.45,1549570
793,20190312,22.6,21.7,21.95,22.55,19.09,6797420
794,20190313,22.8,22.5,22.6,22.6,19.13,6024410
795,20190314,22.8,22.5,22.7,22.5,19.05,3469490
796,20190315,22.7,22.35,22.5,22.5,19.05,5071510
797,20190318,22.8,22.5,22.6,22.75,19.26,4976380
798,20190319,23.05,22.6,22.85,22.65,19.17,6480360
799,20190320,22.95,22.5,22.75,22.95,19.43,9826570
800,20190321,23.3,22.8,23.1,22.8,19.3,7803030
801,20190322,23.1,22.75,22.95,22.9,19.39,4183480
802,20190325,22.55,22.05,22.4,22.15,18.75,6612290
803,20190326,22.5,22.15,22.3,22.15,18.75,4315110
804,20190327,22.6,22.2,22.2,22.4,18.96,2507890
805,20190328,22.5,22.3,22.3,22.4,18.96,1745830
806,20190329,22.55,22.35,22.45,22.4,18.96,2570290
807,20190401,22.55,22.3,22.45,22.4,18.96,1776460
808,20190402,22.6,22.35,22.55,22.45,19.01,3180520
809,20190403,22.55,22.35,22.35,22.5,19.05,3527930
810,20190404,22.75,22.55,22.6,22.65,19.17,3233580
811,20190405,22.4,22.15,22.35,22.15,19.26,2881150
812,20190408,22.35,22.05,22.15,22.35,19.44,3341370
813,20190409,22.45,22.1,22.4,22.25,19.35,3079710
814,20190410,22.2,21.9,22.05,21.95,19.09,2879220
815,20190411,22.05,21.85,21.95,22.0,19.13,1402860
816,20190412,22.1,21.85,22.1,21.9,19.04,1062400
817,20190416,21.7,21.35,21.35,21.5,18.7,3194820
818,20190417,21.75,21.5,21.65,21.5,18.7,3074182
819,20190418,21.85,21.4,21.5,21.55,18.74,3913100
820,20190419,21.7,21.45,21.6,21.6,18.78,1796860
821,20190422,21.65,21.15,21.65,21.4,18.61,3036120
822,20190423,21.45,21.2,21.3,21.3,18.52,2007220
823,20190424,21.5,21.3,21.35,21.5,18.7,1572500
824,20190425,21.6,21.4,21.5,21.5,18.7,1319690
825,20190426,21.8,21.4,21.5,21.8,18.96,2171040
826,20190502,22.1,21.8,21.85,21.9,19.04,3033110
827,20190503,22.15,21.7,21.9,22.1,19.22,3866700
828,20190506,21.8,21.35,21.75,21.5,18.7,3548390
829,20190507,21.7,21.45,21.65,21.45,18.65,1339310
830,20190508,21.45,21.1,21.1,21.3,18.52,3927890
831,20190509,21.45,20.8,21.3,21.0,18.26,4125520
832,20190510,21.2,20.8,21.0,20.9,18.17,3206000
833,20190513,21.35,20.85,20.95,21.25,18.48,2834730
834,20190514,21.3,21.0,21.0,21.3,18.52,1585950
835,20190515,21.6,21.25,21.25,21.45,18.65,2589070
836,20190516,21.5,21.3,21.5,21.3,18.52,1782280
837,20190517,21.4,21.1,21.3,21.2,18.44,1490020
838,20190520,21.35,21.05,21.05,21.15,18.39,2648400
839,20190521,21.4,21.15,21.2,21.3,18.52,2603180
840,20190522,21.85,21.25,21.55,21.55,18.74,4816550
841,20190523,21.75,21.5,21.5,21.65,18.83,1844140
842,20190524,21.7,21.35,21.65,21.35,18.57,2667900
843,20190527,21.4,21.25,21.35,21.3,18.52,1485860
844,20190528,21.4,21.2,21.3,21.35,18.57,1693300
845,20190529,21.35,21.15,21.35,21.2,18.44,1497840
846,20190530,21.35,21.1,21.1,21.15,18.39,1322040
847,20190531,21.2,20.85,21.1,20.85,18.13,2357400
848,20190603,20.8,20.35,20.7,20.35,17.7,2176820
849,20190604,20.5,20.3,20.45,20.35,17.7,2244048
850,20190605,20.6,20.25,20.5,20.25,17.61,1775340
851,20190606,20.5,20.1,20.25,20.2,17.57,3656696
852,20190607,20.55,20.35,20.35,20.55,17.87,1054870
853,20190610,20.85,20.5,20.8,20.6,17.91,1591790
854,20190611,20.75,20.6,20.6,20.7,18.0,1066350
855,20190612,20.75,20.6,20.65,20.6,17.91,875510
856,20190613,20.65,20.4,20.5,20.6,17.91,866620
857,20190614,20.95,20.55,20.6,20.7,18.0,1524350
858,20190617,20.85,20.65,20.8,20.7,18.0,1361110
859,20190618,20.75,20.6,20.7,20.6,17.91,736810
860,20190619,20.8,20.6,20.65,20.65,17.96,1271670
861,20190620,21.3,20.65,20.65,21.3,18.52,3097050
862,20190621,21.45,21.2,21.3,21.3,18.52,2175330
863,20190624,21.35,21.2,21.3,21.3,18.52,1509130
864,20190625,21.3,21.05,21.25,21.1,18.35,1434971
865,20190626,21.2,20.85,20.85,20.85,18.13,74020110
866,20190627,21.0,20.6,20.6,20.6,17.91,2134180
867,20190628,20.9,20.4,20.9,20.9,18.17,2436860
868,20190701,21.2,20.95,21.15,21.15,18.39,2287500
869,20190702,21.3,21.0,21.15,21.15,18.39,2417890
870,20190703,21.15,20.9,21.1,21.0,18.26,3507280
871,20190704,21.3,21.05,21.1,21.15,18.39,4424016
872,20190705,21.4,21.2,21.2,21.3,18.52,2882868
873,20190708,21.4,21.0,21.25,21.1,18.35,2397440
874,20190709,21.25,21.0,21.1,21.2,18.44,1687150
875,20190710,21.45,21.1,21.3,21.1,18.35,2550800
876,20190711,21.45,21.1,21.2,21.4,18.61,3513400
877,20190712,21.75,21.35,21.45,21.35,18.57,5292040
878,20190715,21.5,21.25,21.45,21.45,18.65,2869250
879,20190716,21.95,21.55,21.55,21.75,18.91,5007207
880,20190717,22.2,21.7,21.8,22.1,19.22,8206500
881,20190718,22.2,21.9,21.9,22.2,19.31,5142150
882,20190719,22.45,22.2,22.4,22.2,19.31,4650480
883,20190722,22.6,22.15,22.3,22.2,19.31,5908830
884,20190723,22.75,22.15,22.3,22.7,19.74,7265310
885,20190724,23.0,22.6,22.8,22.6,19.65,5461810
886,20190725,22.8,22.35,22.5,22.4,19.48,5206140
887,20190726,22.45,22.2,22.4,22.35,19.44,4449350
888,20190729,22.5,22.3,22.4,22.45,19.52,6868586
889,20190730,22.6,21.85,22.45,21.85,19.0,4153160
890,20190731,22.2,21.8,21.85,22.2,19.31,3870500
891,20190801,22.15,21.9,22.1,22.0,19.13,1936680
892,20190802,22.1,21.65,21.65,21.95,19.09,3510760
893,20190805,21.95,21.65,21.9,21.8,18.96,5052810
894,20190806,21.6,21.3,21.5,21.35,18.57,3904110
895,20190807,21.55,21.25,21.5,21.3,18.52,1722650
896,20190808,21.75,21.3,21.45,21.6,18.78,3137090
897,20190809,21.75,21.45,21.7,21.45,18.65,1671670
898,20190812,21.95,21.5,21.6,21.9,19.04,4088380
899,20190813,22.3,21.7,21.8,22.2,19.31,4397540
900,20190814,22.6,22.3,22.5,22.3,19.39,3081920
901,20190815,22.3,21.85,22.0,22.3,19.39,3102350
902,20190816,22.6,22.25,22.3,22.4,19.48,4197650
903,20190819,22.6,22.05,22.45,22.05,19.17,2791520
904,20190820,22.35,22.05,22.1,22.15,19.26,2713290
905,20190821,22.7,22.2,22.3,22.5,19.57,6149430
906,20190822,22.9,22.55,22.7,22.55,19.61,4777090
907,20190823,22.8,22.5,22.7,22.65,19.7,2872280
908,20190826,23.3,22.35,22.45,23.3,20.26,15181280
909,20190827,23.75,23.15,23.5,23.3,20.26,11416330
910,20190828,23.4,23.05,23.3,23.35,20.31,4764090
911,20190829,23.45,23.0,23.4,23.35,20.31,4840040
912,20190830,23.45,23.1,23.35,23.1,20.09,3983320
913,20190903,23.4,22.8,23.15,22.8,19.83,8721400
914,20190904,23.0,22.65,23.15,23.0,20.0,3653810
915,20190905,23.1,22.6,23.05,22.6,19.65,3610490
916,20190906,22.7,22.5,22.6,22.6,19.65,3100740
917,20190909,22.75,22.55,22.6,22.6,19.65,2038830
918,20190910,22.9,22.55,22.6,22.55,19.61,4816100
919,20190911,22.7,22.55,22.65,22.65,19.7,1890210
920,20190912,23.1,22.7,22.7,23.1,20.09,4676890
921,20190913,23.5,22.95,23.1,23.3,20.26,7562360
922,20190916,23.65,23.25,23.1,23.4,20.35,4657200
923,20190917,23.4,23.1,23.1,23.3,20.26,5269689
924,20190918,22.15,21.85,23.1,21.85,19.0,6704310
925,20190919,22.0,21.8,21.9,22.0,19.13,2917900
926,20190920,22.25,22.0,22.0,22.05,19.17,4096920
927,20190923,22.3,22.0,22.05,22.05,19.17,3819650
928,20190924,22.15,21.9,22.1,22.15,19.26,4366520
929,20190925,22.15,21.95,22.05,22.15,19.26,3578550
930,20190926,22.6,22.15,22.15,22.6,19.65,4386550
931,20190927,22.75,22.5,22.6,22.7,19.74,6412050
932,20190930,23.05,22.75,22.75,22.8,19.83,6427610
933,20191001,23.05,22.75,22.9,23.05,20.04,3865580
934,20191002,23.15,22.8,22.95,23.0,20.0,8891121
935,20191003,22.95,22.65,22.8,22.95,19.96,7200130
936,20191004,23.0,22.65,23.0,22.65,19.7,4896060
937,20191007,22.8,22.4,22.7,22.4,19.48,5131450
938,20191008,22.7,22.35,22.35,22.7,19.74,4917580
939,20191009,22.9,22.6,22.65,22.9,19.91,3678530
940,20191010,22.95,22.75,22.9,22.75,19.78,3055770
941,20191011,22.9,22.7,22.8,22.75,19.78,3990530
942,20191014,23.75,23.0,23.0,23.45,20.39,12044820
943,20191015,23.55,23.3,23.55,23.35,20.31,7134100
944,20191016,23.6,23.3,23.45,23.3,20.26,4220790
945,20191017,23.3,23.1,23.3,23.2,20.17,5875090
946,20191018,23.35,22.95,23.25,23.0,20.0,5279020
947,20191021,23.0,22.6,22.9,22.65,19.7,5043890
948,20191022,22.95,22.65,22.65,22.85,19.87,2167600
949,20191023,22.9,22.8,22.9,22.9,19.91,1523790
950,20191024,23.05,22.85,22.9,22.95,19.96,3636850
951,20191025,23.25,22.85,22.95,23.2,20.17,3836120
952,20191028,23.4,23.0,23.25,23.0,20.0,2085490
953,20191029,23.1,22.85,23.0,22.85,19.87,2922370
954,20191030,23.1,22.8,22.85,23.05,20.04,3765120
955,20191031,23.15,22.9,23.0,23.0,20.0,1785050
956,20191101,23.2,22.85,23.0,22.95,19.96,4031340
957,20191104,23.4,22.95,23.0,23.3,20.26,7167600
958,20191105,23.4,23.2,23.3,23.25,20.22,3686742
959,20191106,23.9,23.25,23.3,23.55,20.48,10894700
960,20191107,23.7,23.4,23.6,23.5,20.44,7014090
961,20191108,23.65,23.35,23.55,23.4,20.35,7115080
962,20191111,23.85,23.35,23.7,23.45,20.39,14442520
963,20191112,23.5,23.3,23.45,23.3,20.26,4579160
964,20191113,23.45,23.15,23.35,23.25,20.22,5125180
965,20191114,23.25,22.85,23.25,22.95,19.96,7624520
966,20191115,22.95,22.7,22.95,22.75,19.78,5963420
967,20191118,22.85,22.6,22.7,22.6,19.65,3911980
968,20191119,22.75,22.5,22.6,22.75,19.78,2784600
969,20191120,22.8,22.55,22.7,22.6,19.65,2287190
970,20191121,22.65,22.1,22.55,22.4,19.48,6335670
971,20191122,22.7,22.1,22.6,22.35,19.44,5232380
972,20191125,22.5,22.2,22.35,22.4,19.48,3740920
973,20191126,22.7,22.4,22.55,22.65,19.7,2983980
974,20191127,22.8,22.45,22.65,22.6,19.65,2538060
975,20191128,22.65,22.1,22.55,22.1,19.22,4977410
976,20191129,22.2,21.9,22.15,22.15,19.26,2973140
977,20191202,22.35,21.4,22.15,21.4,18.61,3459040
978,20191203,21.7,21.1,21.4,21.55,18.74,7069102
979,20191204,22.2,21.4,21.75,22.2,19.31,3853830
980,20191205,22.25,21.8,22.2,21.85,19.0,1875780
981,20191206,21.9,21.75,21.8,21.85,19.0,1331500
982,20191209,21.85,21.4,21.85,21.45,18.65,4157170
983,20191210,21.45,21.1,21.4,21.1,18.35,4244930
984,20191211,21.8,21.1,21.2,21.8,18.96,3636380
985,20191212,22.05,21.75,21.8,21.8,18.96,2785040
986,20191213,21.95,21.6,21.9,21.8,18.96,2491410
987,20191216,21.8,21.4,21.8,21.4,18.61,12681340
988,20191217,21.4,21.0,21.4,21.05,18.31,6751986
989,20191218,21.25,21.0,21.0,21.0,18.26,3920310
990,20191219,21.15,20.7,21.1,20.7,18.0,4948220
991,20191220,21.1,20.7,20.7,21.0,18.26,1926570
992,20191223,21.25,21.05,21.15,21.05,18.31,1848030
993,20191224,21.05,20.7,21.0,20.75,18.04,2527950
994,20191225,21.1,20.75,20.75,21.0,18.26,3479384
995,20191226,21.05,20.85,21.0,20.85,18.13,2215180
996,20191227,20.9,20.8,20.85,20.9,18.17,2376720
997,20191230,21.25,20.9,21.0,20.95,18.22,3432230
998,20191231,21.05,20.8,21.0,20.8,18.09,2192910
999,20200102,21.25,20.8,20.9,21.2,18.44,2849190
1000,20200103,21.5,21.2,21.45,21.25,18.48,3476230
1001,20200106,21.2,20.95,21.15,20.95,18.22,2609270
1002,20200107,21.15,20.85,21.0,21.0,18.26,2684180
1003,20200108,21.0,20.7,20.8,20.7,18.0,4203950
1004,20200109,21.15,20.75,20.95,21.05,18.31,3298470
1005,20200110,21.65,21.15,21.15,21.4,18.61,8593950
1006,20200113,21.6,21.25,21.45,21.3,18.52,2921820
1007,20200114,21.65,21.25,21.3,21.5,18.7,4557920
1008,20200115,21.6,21.45,21.5,21.45,18.65,3625930
1009,20200116,22.15,21.5,21.55,22.0,19.13,8169550
1010,20200117,22.25,21.9,22.05,22.0,19.13,4855330
1011,20200120,22.1,21.85,22.0,22.0,19.13,4308990
1012,20200121,22.6,22.05,22.1,22.55,19.61,5280740
1013,20200122,22.6,22.35,22.55,22.4,19.48,5507290
1014,20200130,22.1,21.2,21.9,21.25,18.48,9257740
1015,20200131,21.55,20.8,21.05,20.8,18.09,8065490
1016,20200203,20.8,19.5,20.35,20.35,17.7,14421110
1017,20200204,21.55,20.15,20.65,21.15,18.39,9596660
1018,20200205,21.6,21.05,21.4,21.15,18.39,8036603
1019,20200206,22.0,20.9,21.15,21.8,18.96,13166109
1020,20200207,21.8,21.4,21.75,21.4,18.61,8050600
1021,20200210,21.3,20.95,21.1,21.0,18.26,7033337
1022,20200211,21.3,21.05,21.1,21.2,18.44,4531600
1023,20200212,21.9,21.3,21.45,21.65,18.83,11080490
1024,20200213,21.75,21.35,21.55,21.4,18.61,6581630
1025,20200214,21.9,21.55,21.6,21.75,18.91,9083550
1026,20200217,22.2,21.8,22.0,21.95,19.09,9768630
1027,20200218,22.1,21.7,22.05,21.75,18.91,6765600
1028,20200219,21.8,21.5,21.75,21.6,18.78,4658840
1029,20200220,21.9,21.6,21.8,21.65,18.83,6104470
1030,20200221,21.7,21.15,21.7,21.2,18.44,9435060
1031,20200224,20.8,20.1,20.7,20.1,17.48,12138250
1032,20200225,20.8,19.85,20.0,20.8,18.09,11926410
1033,20200226,20.9,20.35,20.35,20.5,17.83,5183630
1034,20200227,20.9,20.45,20.55,20.9,18.17,4046120
1035,20200228,20.75,20.35,20.5,20.4,17.74,7149670
1036,20200302,20.8,20.45,20.5,20.7,18.0,4996110
1037,20200303,21.15,20.8,21.05,20.9,18.17,6547626
1038,20200304,20.85,20.6,20.8,20.75,18.04,4956070
1039,20200305,20.95,20.65,20.9,20.65,17.96,4512210
1040,20200306,20.7,20.4,20.5,20.65,17.96,4232460
1041,20200309,19.9,19.25,19.55,19.25,16.74,13279460
1042,20200310,19.55,18.75,18.9,19.15,16.65,7083800
1043,20200311,19.5,17.9,19.45,18.2,15.83,8899580
1044,20200312,17.6,16.95,17.4,16.95,14.74,15983860
1045,20200313,17.9,15.8,15.85,17.1,14.87,13232290
1046,20200316,17.3,16.4,17.15,16.45,14.3,4542010
1047,20200317,16.7,15.75,16.7,16.7,14.52,9830190
1048,20200318,16.95,16.5,16.95,16.5,14.35,6409720
1049,20200319,16.4,16.0,16.2,16.1,14.0,5366260
1050,20200320,16.3,15.95,16.15,16.0,13.91,4528520
1051,20200323,15.6,14.9,15.2,14.9,12.96,14221260
1052,20200324,15.0,14.45,15.0,14.8,12.87,7842560
1053,20200325,15.65,15.05,15.3,15.65,13.61,7715140
1054,20200326,15.55,15.05,15.5,15.05,13.09,4900690
1055,20200327,15.15,14.5,15.1,14.6,12.7,5618700
1056,20200330,14.1,13.6,14.0,13.6,11.83,9159680
1057,20200331,14.1,13.15,13.8,13.55,11.78,6140050
1058,20200401,14.3,13.35,13.45,14.25,12.39,7072180
1059,20200403,14.95,14.25,14.3,14.75,12.83,5292710
1060,20200406,15.75,15.15,15.2,15.75,13.7,7996310
1061,20200407,16.2,15.7,16.15,15.95,13.87,12576310
1062,20200408,15.85,15.4,15.5,15.7,13.65,5993180
1063,20200409,16.1,15.7,16.0,15.8,13.74,7173300
1064,20200410,15.95,15.45,15.8,15.55,13.52,8240670
1065,20200413,16.05,15.5,15.55,15.75,13.7,6425476
1066,20200414,16.0,15.5,16.0,15.9,13.83,7057000
1067,20200415,16.5,15.9,16.0,16.35,14.22,10310960
1068,20200416,16.5,16.0,16.25,16.5,14.35,5479450
1069,20200417,17.15,16.6,16.7,17.0,14.78,7574590
1070,20200420,17.15,16.6,17.0,16.65,14.48,11646580
1071,20200421,16.45,15.65,16.4,15.65,13.61,11113540
1072,20200422,16.15,15.25,15.25,16.1,14.0,6445630
1073,20200423,16.45,16.05,16.4,16.15,14.04,4615450
1074,20200424,16.15,15.9,16.0,16.05,13.96,4326720
1075,20200427,16.2,15.7,16.1,15.7,13.65,5533010
1076,20200428,15.95,15.6,15.8,15.8,13.74,3197820
1077,20200429,16.1,15.85,15.95,15.95,13.87,3284790
1078,20200504,16.05,15.85,15.95,15.85,13.78,2466940
1079,20200505,15.95,15.65,15.9,15.8,13.74,2745488
1080,20200506,16.0,15.7,15.9,15.95,13.87,3977470
1081,20200507,16.35,15.95,15.95,16.3,14.17,6237880
1082,20200508,17.0,16.4,16.4,16.6,14.44,14299190
1083,20200511,17.0,16.5,16.8,16.8,14.61,14871460
1084,20200512,17.2,16.6,16.8,17.2,14.96,11943010
1085,20200513,17.65,17.0,17.4,17.5,15.22,11035970
1086,20200514,17.55,17.1,17.3,17.3,15.04,7541050
1087,20200515,17.45,16.95,17.4,16.95,14.74,8051150
1088,20200518,17.1,16.8,16.95,17.05,14.83,4793050
1089,20200519,17.5,17.25,17.4,17.4,15.13,10105180
1090,20200520,17.4,17.15,17.25,17.3,15.04,4259620
1091,20200521,17.65,17.25,17.35,17.6,15.31,8733490
1092,20200522,17.65,17.2,17.5,17.25,15.0,7805210
1093,20200525,17.45,17.2,17.25,17.3,15.04,4544600
1094,20200526,17.6,17.35,17.4,17.6,15.31,9808970
1095,20200527,17.8,17.3,17.8,17.3,15.04,11718090
1096,20200528,17.5,17.25,17.35,17.3,15.04,3439560
1097,20200529,17.3,17.15,17.3,17.2,14.96,4564730
1098,20200601,18.05,17.25,17.25,17.85,15.52,17510860
1099,20200602,18.3,17.9,18.0,17.9,15.57,14047730
1100,20200603,18.1,17.9,18.0,18.05,15.7,5591600
1101,20200604,18.3,18.0,18.15,18.0,15.65,9647510
1102,20200605,18.0,17.8,17.95,17.9,15.57,6920880
1103,20200608,18.3,18.05,18.15,18.1,15.74,8434180
1104,20200609,18.2,18.05,18.15,18.1,15.74,6673860
1105,20200610,18.85,17.95,18.05,18.6,16.17,10294970
1106,20200611,18.85,17.5,18.7,17.5,15.22,9855080
1107,20200612,17.65,17.1,17.1,17.65,15.35,10662400
1108,20200615,17.75,16.9,17.7,17.0,14.78,9023320
1109,20200616,17.5,17.15,17.25,17.4,15.13,6376970
1110,20200617,17.5,17.25,17.4,17.3,15.04,2994730
1111,20200618,17.4,17.2,17.35,17.3,15.04,3715500
1112,20200619,17.5,17.3,17.4,17.5,15.22,3111870
1113,20200622,17.75,17.45,17.55,17.5,15.22,2622880
1114,20200623,17.65,17.45,17.5,17.5,15.22,8835040
1115,20200624,17.8,17.5,17.6,17.55,15.26,5739200
1116,20200625,17.45,17.3,17.4,17.35,15.09,2709130
1117,20200626,17.5,17.25,17.45,17.35,15.09,1999300
1118,20200629,17.3,16.75,17.2,16.85,14.65,5980860
1119,20200630,17.1,16.55,17.0,16.6,14.44,3399510
1120,20200701,16.9,16.6,16.65,16.9,14.7,12230710
1121,20200702,16.95,16.75,16.9,16.85,14.65,2628160
1122,20200703,16.95,16.8,16.9,16.85,14.65,1241470
1123,20200706,17.15,16.85,16.9,17.0,14.78,3370930
1124,20200707,17.2,17.0,17.15,17.1,14.87,5747354
1125,20200708,17.2,17.05,17.05,17.15,14.91,1816440
1126,20200709,17.5,17.2,17.25,17.45,15.17,3777860
1127,20200710,17.4,17.2,17.4,17.25,15.0,2302986
1128,20200713,17.4,17.15,17.25,17.2,14.96,2522950
1129,20200714,17.2,17.0,17.15,17.15,14.91,3976094
1130,20200715,17.4,17.2,17.3,17.3,15.04,2941050
1131,20200716,17.5,17.3,17.5,17.5,15.22,3783960
1132,20200717,17.55,17.4,17.5,17.5,15.22,4708260
1133,20200720,17.55,17.2,17.2,17.2,14.96,3056310
1134,20200721,17.3,17.15,17.3,17.3,15.04,4066900
1135,20200722,17.4,17.15,17.4,17.15,14.91,2774680
1136,20200723,17.2,16.95,17.15,17.05,14.83,4208620
1137,20200724,17.0,16.4,17.0,16.5,14.35,8288120
1138,20200727,16.1,15.35,15.9,15.35,13.35,11166148
1139,20200728,16.35,15.5,15.9,16.3,14.17,7026500
1140,20200729,15.9,15.35,15.9,15.65,13.61,4891540
1141,20200730,15.9,15.7,15.8,15.85,13.78,3040910
1142,20200731,15.9,15.5,15.7,15.75,13.7,2822800
1143,20200803,16.2,15.7,15.7,16.2,14.09,4195230
1144,20200804,16.5,16.2,16.3,16.4,14.26,2557000
1145,20200805,16.55,16.2,16.4,16.55,14.39,3548150
1146,20200806,16.55,16.35,16.5,16.35,14.22,3050260
1147,20200807,16.45,16.3,16.35,16.3,14.17,2043440
1148,20200810,16.55,16.35,16.5,16.45,14.3,3695170
1149,20200811,16.6,16.4,16.55,16.5,14.35,4329300
1150,20200812,16.9,16.5,16.5,16.85,14.65,6630800
1151,20200813,17.0,16.8,16.95,16.95,14.74,2730880
1152,20200814,17.2,16.85,16.9,17.15,14.91,5684510
1153,20200817,17.2,16.85,17.1,17.1,14.87,3857910
1154,20200818,17.15,16.9,17.1,17.0,14.78,2714080
1155,20200819,17.05,16.9,17.0,17.05,14.83,3899030
1156,20200820,17.15,16.95,17.05,17.05,14.83,4196330
1157,20200821,17.3,17.0,17.05,17.3,15.04,8135520
1158,20200824,17.85,17.4,17.4,17.8,15.48,8344270
1159,20200825,18.3,17.85,17.9,18.05,15.7,12351760
1160,20200826,18.15,17.9,18.0,17.9,15.57,5831990
1161,20200827,18.0,17.75,17.9,17.9,15.57,3597610
1162,20200828,18.15,17.9,18.0,17.9,15.57,6040590
1163,20200831,18.2,17.9,18.0,17.95,15.61,3916140
1164,20200901,18.1,17.9,18.05,18.1,15.74,8053334
1165,20200903,18.35,18.1,18.2,18.2,15.83,4950930
1166,20200904,18.1,17.85,17.85,18.05,15.7,5378800
1167,20200907,18.15,17.7,18.15,17.7,15.39,7654310
1168,20200908,17.85,17.55,17.8,17.8,15.48,3480610
1169,20200909,17.8,17.6,17.6,17.75,15.44,3715080
1170,20200910,18.0,17.8,17.9,17.8,15.48,3129160
1171,20200911,17.9,17.65,17.8,17.85,15.52,4230940
1172,20200914,18.25,17.95,18.0,18.15,15.78,4580680
1173,20200915,18.25,18.05,18.15,18.1,15.74,5604340
1174,20200916,18.15,18.0,18.05,18.1,15.74,2613980
1175,20200917,18.45,18.05,18.05,18.1,15.74,7410540
1176,20200918,18.8,18.15,18.2,18.75,16.31,11943520
1177,20200921,19.25,18.85,19.0,19.05,16.57,11616030
1178,20200922,19.25,19.0,19.05,19.2,16.7,9969810
1179,20200923,19.4,19.1,19.3,19.2,16.7,10020680
1180,20200924,19.65,19.2,19.35,19.6,17.04,14909780
1181,20200925,19.75,19.35,19.7,19.6,17.04,6534900
1182,20200928,20.1,19.65,19.75,20.0,17.39,9515340
1183,20200929,20.05,19.65,20.0,19.65,17.09,8597110
1184,20200930,19.8,19.55,19.65,19.75,17.17,5901702
1185,20201001,20.0,19.7,19.9,19.85,17.26,7966350
1186,20201002,20.0,19.65,19.9,19.85,17.26,13138020
1187,20201005,17.8,17.5,17.5,17.7,17.7,13749710
1188,20201006,17.95,17.7,17.95,17.85,17.85,9875210
1189,20201007,17.8,17.6,17.75,17.6,17.6,9334090
1190,20201008,17.9,17.6,17.9,17.65,17.65,8081220
1191,20201009,17.7,17.55,17.65,17.55,17.55,4293190
1192,20201012,17.75,17.45,17.65,17.55,17.55,5428180
1193,20201013,17.6,17.35,17.6,17.5,17.5,4237440
1194,20201014,17.75,17.4,17.4,17.65,17.65,4923620
1195,20201015,17.7,17.55,17.7,17.6,17.6,7961419
1196,20201016,17.9,17.7,17.75,17.85,17.85,9470340
1197,20201019,18.35,18.0,18.0,18.25,18.25,10839820
1198,20201020,18.75,18.25,18.3,18.7,18.7,12899370
1199,20201021,19.05,18.55,18.9,18.55,18.55,10500440
1200,20201022,18.8,18.4,18.65,18.8,18.8,7256230
1201,20201023,19.0,18.65,19.0,18.85,18.85,6775724
1202,20201026,18.85,18.4,18.8,18.4,18.4,9266880
1203,20201027,18.4,17.9,18.4,17.9,17.9,9859070
1204,20201028,17.95,17.5,17.75,17.55,17.55,8067830
1205,20201029,17.9,17.5,17.5,17.8,17.8,6240080
1206,20201030,17.95,17.6,17.9,17.8,17.8,6259160
1207,20201102,18.0,17.8,17.95,18.0,18.0,3692210
1208,20201103,18.35,18.0,18.1,18.25,18.25,4128320
1209,20201104,18.6,18.2,18.6,18.45,18.45,5159190
1210,20201105,18.55,18.2,18.5,18.3,18.3,7183020
1211,20201106,18.4,17.95,18.3,18.0,18.0,3992580
1212,20201109,18.3,18.05,18.1,18.25,18.25,5010450
1213,20201110,18.5,18.1,18.4,18.1,18.1,7055830
1214,20201111,18.35,18.05,18.2,18.25,18.25,9353320
1215,20201112,18.7,18.25,18.3,18.7,18.7,12467260
1216,20201113,19.3,18.8,18.8,19.3,19.3,16110590
1217,20201116,19.6,19.0,19.5,19.05,19.05,20068100
1218,20201117,19.55,19.1,19.15,19.55,19.55,9945750
1219,20201118,20.0,19.45,19.65,19.65,19.65,11311450
1220,20201119,19.8,19.4,19.75,19.5,19.5,13407160
1221,20201120,19.5,19.25,19.45,19.3,19.3,8187800
1222,20201123,19.4,19.05,19.3,19.2,19.2,9013500
1223,20201124,19.5,19.2,19.4,19.35,19.35,8664990
1224,20201125,19.6,19.3,19.6,19.45,19.45,7017830
1225,20201126,19.5,19.2,19.25,19.5,19.5,12447470
1226,20201127,20.0,19.4,19.5,20.0,20.0,17675030
1227,20201130,20.6,20.2,20.4,20.35,20.35,18683250
1228,20201201,20.85,20.05,20.05,20.85,20.85,21092600
1229,20201202,21.4,20.85,20.9,21.35,21.35,19111190
1230,20201203,21.55,20.85,21.55,21.0,21.0,22447130
1231,20201204,21.15,20.85,21.0,20.95,20.95,19416060
1232,20201207,21.05,20.8,20.9,20.9,20.9,8253270
1233,20201208,21.55,20.8,20.9,21.35,21.35,19076560
1234,20201209,21.75,21.35,21.5,21.4,21.4,12895210
1235,20201210,21.55,21.0,21.45,21.05,21.05,14802560
1236,20201211,21.5,20.85,21.15,21.5,21.5,8731130
1237,20201214,21.9,21.6,21.6,21.85,21.85,14023310
1238,20201215,21.85,21.4,21.85,21.5,21.5,13783510
1239,20201216,22.4,21.5,21.65,22.25,22.25,20005990
1240,20201217,22.3,21.8,22.1,22.1,22.1,17269990
1241,20201218,23.1,22.15,22.5,23.1,23.1,18002170
1242,20201221,23.7,23.05,23.3,23.25,23.25,27496300
1243,20201222,23.7,23.0,23.4,23.2,23.2,22905050
1244,20201223,23.35,22.9,23.3,22.9,22.9,14038380
1245,20201224,23.15,22.1,23.05,22.8,22.8,16411380
1246,20201225,23.15,22.6,22.8,23.1,23.1,12907670
