Attributes,high,low,open,close,adjust,volume
Symbols,TCB,TCB,TCB,TCB,TCB,TCB
date,,,,,,
2018-06-04,105.0,102.4,102.4,102.4,34.13,2811840
2018-06-05,106.0,96.0,99.1,96.0,32.0,1689500
2018-06-06,96.0,91.0,95.0,92.0,30.66,1901680
2018-06-07,98.4,93.1,94.5,98.4,32.8,1476540
2018-06-08,105.2,99.5,101.0,105.2,35.06,2008500
2018-06-11,109.0,103.2,104.8,109.0,36.33,1229830
2018-06-12,108.0,102.9,108.0,105.0,35.0,1183630
2018-06-13,108.0,104.5,105.0,105.4,35.13,888330
2018-06-14,106.5,103.5,106.5,105.0,35.0,792130
2018-06-15,105.5,103.5,105.5,105.2,35.06,2558933
2018-06-18,105.0,98.0,104.1,100.0,33.33,2042807
2018-06-19,97.0,93.0,95.1,95.0,31.66,4201720
2018-06-20,96.5,93.1,95.0,95.2,31.73,576870
2018-06-21,95.4,93.3,95.4,95.2,31.73,497790
2018-06-22,95.1,93.6,95.1,95.0,31.66,328710
2018-06-25,97.0,95.7,96.0,95.9,31.96,1099340
2018-06-26,95.5,94.2,94.4,95.0,31.66,493790
2018-06-27,95.0,93.5,93.5,93.6,31.2,394860
2018-06-28,93.5,88.5,93.0,92.2,30.73,1408230
2018-06-29,92.0,87.0,91.0,91.7,30.56,1755000
2018-07-02,91.8,87.0,91.8,87.9,29.3,669570
2018-07-03,88.3,81.8,87.5,81.8,27.26,3076612
2018-07-04,81.0,76.1,80.5,81.0,27.0,2095767
2018-07-05,28.85,27.0,28.85,28.15,28.15,1583450
2018-07-06,29.0,27.0,28.0,28.8,28.8,1160990
2018-07-09,29.2,27.85,29.0,28.5,28.5,693900
2018-07-10,28.5,27.5,28.5,27.65,27.65,549100
2018-07-11,27.1,25.75,27.1,25.75,25.75,1614570
2018-07-12,26.0,25.1,26.0,26.0,26.0,854080
2018-07-13,26.5,26.0,26.4,26.2,26.2,428900
2018-07-16,26.2,25.75,26.0,26.2,26.2,430160
2018-07-17,27.5,25.7,26.2,27.1,27.1,1174520
2018-07-18,28.5,27.3,27.5,27.95,27.95,1139340
2018-07-19,28.0,27.5,28.0,27.9,27.9,708430
2018-07-20,27.9,27.2,27.9,27.9,27.9,1518190
2018-07-23,27.85,26.6,26.6,26.6,26.6,920690
2018-07-24,27.5,26.3,27.0,26.4,26.4,1019120
2018-07-25,26.85,24.9,26.8,26.75,26.75,4238010
2018-07-26,26.25,25.5,26.0,25.8,25.8,777430
2018-07-27,26.2,25.6,25.8,25.95,25.95,3207660
2018-07-30,26.2,25.9,25.95,26.1,26.1,1549238
2018-07-31,27.9,26.0,26.15,27.8,27.8,4690660
2018-08-01,28.65,27.15,27.9,27.55,27.55,2114620
2018-08-02,28.5,27.0,27.3,28.5,28.5,6682490
2018-08-03,28.9,28.0,28.6,28.35,28.35,12058140
2018-08-06,28.3,27.8,28.0,28.0,28.0,1499320
2018-08-07,28.2,27.4,27.75,27.95,27.95,1720400
2018-08-08,28.15,27.4,28.15,27.75,27.75,1406450
2018-08-09,28.3,27.4,27.9,27.4,27.4,2382410
2018-08-10,27.7,26.4,27.4,27.2,27.2,2793581
2018-08-13,27.65,26.8,27.0,27.45,27.45,1492300
2018-08-14,27.5,27.0,27.5,27.2,27.2,1410590
2018-08-15,27.2,26.5,27.0,26.5,26.5,1134510
2018-08-16,26.9,25.95,26.5,26.5,26.5,2176340
2018-08-17,26.9,26.5,26.5,26.5,26.5,2681890
2018-08-20,26.7,25.9,26.7,26.5,26.5,925307
2018-08-21,26.65,26.25,26.5,26.5,26.5,904270
2018-08-22,27.4,26.55,26.7,26.65,26.65,1386850
2018-08-23,27.15,26.65,27.0,26.75,26.75,1165060
2018-08-24,26.95,26.5,26.75,26.6,26.6,847010
2018-08-27,26.85,26.5,26.6,26.5,26.5,1518390
2018-08-28,26.8,26.2,26.6,26.25,26.25,1700740
2018-08-29,26.35,26.1,26.25,26.15,26.15,778240
2018-08-30,26.3,26.05,26.15,26.3,26.3,1052840
2018-08-31,26.85,26.3,26.3,26.3,26.3,1780530
2018-09-04,26.6,26.05,26.3,26.1,26.1,2326610
2018-09-05,26.25,25.75,26.1,25.8,25.8,9499462
2018-09-06,25.9,24.8,25.8,24.8,24.8,2933180
2018-09-07,25.3,24.9,25.0,25.25,25.25,3157300
2018-09-10,25.5,25.0,25.4,25.5,25.5,1797720
2018-09-11,25.5,25.3,25.45,25.4,25.4,1680150
2018-09-12,25.55,25.0,25.5,25.0,25.0,1495990
2018-09-13,25.4,25.0,25.0,25.2,25.2,2545220
2018-09-14,25.4,25.15,25.2,25.25,25.25,1443360
2018-09-17,27.0,25.15,25.25,26.05,26.05,2714630
2018-09-18,26.15,25.55,26.05,26.15,26.15,1059520
2018-09-19,27.05,26.2,26.2,26.6,26.6,2967740
2018-09-20,28.0,26.6,26.6,28.0,28.0,5806380
2018-09-21,28.45,27.8,28.0,28.3,28.3,4039160
2018-09-24,28.45,27.95,28.3,28.1,28.1,2213810
2018-09-25,28.2,27.8,28.0,28.0,28.0,2261840
2018-09-26,29.35,27.8,28.0,28.9,28.9,4516320
2018-09-27,29.65,29.15,29.4,29.4,29.4,4193300
2018-09-28,29.65,29.0,29.5,29.15,29.15,4443650
2018-10-01,29.25,28.6,29.15,28.65,28.65,3316100
2018-10-02,29.4,28.6,28.6,29.1,29.1,3639750
2018-10-03,29.5,29.15,29.4,29.35,29.35,1405830
2018-10-04,30.2,29.35,29.5,30.2,30.2,4223880
2018-10-05,30.25,29.75,30.1,29.8,29.8,3156560
2018-10-08,29.75,29.1,29.1,29.35,29.35,2449230
2018-10-09,29.75,29.15,29.4,29.75,29.75,2656380
2018-10-10,30.1,29.65,29.8,29.7,29.7,1689250
2018-10-11,29.1,27.7,27.85,27.85,27.85,5361270
2018-10-12,28.8,27.3,27.85,28.7,28.7,2554290
2018-10-15,28.75,28.0,28.7,28.2,28.2,2085500
2018-10-16,28.9,28.15,28.15,28.7,28.7,1420050
2018-10-17,29.3,28.95,29.1,29.1,29.1,2385680
2018-10-18,29.1,28.7,28.8,28.9,28.9,1487880
2018-10-19,29.0,28.1,28.4,29.0,29.0,1454000
2018-10-22,29.2,28.8,29.0,28.8,28.8,2026290
2018-10-23,28.8,26.8,28.8,27.8,27.8,2307530
2018-10-24,28.0,26.5,27.9,26.5,26.5,1805430
2018-10-25,26.3,25.1,25.2,26.1,26.1,2481080
2018-10-26,26.9,25.5,26.9,25.85,25.85,1747390
2018-10-29,26.0,25.5,25.8,25.7,25.7,8140406
2018-10-30,26.1,25.6,25.7,25.8,25.8,1327540
2018-10-31,26.9,26.1,26.1,26.9,26.9,1363970
2018-11-01,26.95,26.1,26.95,26.1,26.1,802870
2018-11-02,26.95,26.2,26.6,26.6,26.6,5938790
2018-11-05,26.95,26.5,26.7,26.85,26.85,920120
2018-11-06,27.4,26.75,27.4,26.95,26.95,1174180
2018-11-07,27.2,26.7,26.7,27.0,27.0,1180500
2018-11-08,27.5,26.95,27.5,27.0,27.0,710570
2018-11-09,26.95,26.35,26.85,26.35,26.35,1110990
2018-11-12,26.5,25.85,26.3,26.3,26.3,784460
2018-11-13,26.0,25.7,25.7,25.75,25.75,26794800
2018-11-14,26.0,25.15,25.6,25.25,25.25,1717990
2018-11-15,25.55,25.05,25.25,25.25,25.25,971850
2018-11-16,26.4,25.45,25.5,25.7,25.7,817780
2018-11-19,26.7,25.7,25.7,26.5,26.5,1754860
2018-11-20,26.55,26.1,26.3,26.4,26.4,1574530
2018-11-21,26.8,25.9,26.0,26.5,26.5,4318520
2018-11-22,26.9,24.65,26.9,26.5,26.5,925350
2018-11-23,26.6,26.1,26.5,26.1,26.1,643390
2018-11-26,26.45,25.95,26.0,25.95,25.95,1195560
2018-11-27,26.5,25.95,26.3,26.0,26.0,1377370
2018-11-28,26.15,25.9,26.0,26.15,26.15,668970
2018-11-29,26.6,26.05,26.45,26.05,26.05,1625000
2018-11-30,26.3,26.0,26.25,26.05,26.05,635260
2018-12-03,27.2,26.3,26.5,27.2,27.2,27059840
2018-12-04,27.95,27.2,27.2,27.8,27.8,23430160
2018-12-05,28.3,27.3,27.5,28.0,28.0,25870000
2018-12-06,28.45,27.9,28.0,28.15,28.15,4677170
2018-12-07,28.5,27.8,28.2,28.0,28.0,25838370
2018-12-10,28.35,27.7,27.9,28.25,28.25,57934728
2018-12-11,28.5,28.1,28.35,28.3,28.3,26941470
2018-12-12,28.9,28.3,28.5,28.9,28.9,27598430
2018-12-13,29.15,28.7,29.0,28.7,28.7,5443500
2018-12-14,28.8,28.5,28.5,28.65,28.65,52663700
2018-12-17,28.5,27.4,28.3,27.4,27.4,23025920
2018-12-18,27.5,26.7,27.0,27.5,27.5,3565390
2018-12-19,27.5,26.95,27.4,27.5,27.5,23206610
2018-12-20,27.7,27.1,27.2,27.25,27.25,1096130
2018-12-21,27.3,26.7,27.0,27.3,27.3,27123860
2018-12-24,27.4,26.9,27.3,26.9,26.9,1521770
2018-12-25,26.55,25.8,26.2,26.4,26.4,3944540
2018-12-26,26.6,25.95,26.3,26.0,26.0,5244280
2018-12-27,26.65,26.05,26.5,26.05,26.05,3986550
2018-12-28,26.3,25.85,26.3,25.85,25.85,3591280
2019-01-02,26.05,25.6,25.6,25.6,25.6,1429030
2019-01-03,25.75,25.0,25.7,25.0,25.0,1867580
2019-01-04,25.0,23.25,25.0,24.95,24.95,3047830
2019-01-07,25.5,25.1,25.15,25.1,25.1,1603430
2019-01-08,25.2,25.05,25.15,25.1,25.1,843170
2019-01-09,26.0,25.1,25.2,25.8,25.8,3499530
2019-01-10,25.95,25.75,25.8,25.8,25.8,1664380
2019-01-11,26.3,25.85,25.85,26.0,26.0,2378461
2019-01-14,26.05,25.75,25.9,25.85,25.85,3602420
2019-01-15,26.5,25.85,25.85,26.5,26.5,3794550
2019-01-16,26.75,26.45,26.5,26.5,26.5,3047580
2019-01-17,26.85,26.4,26.5,26.65,26.65,3119980
2019-01-18,26.95,26.5,26.8,26.75,26.75,1638890
2019-01-21,27.5,26.9,26.9,27.4,27.4,2096730
2019-01-22,27.6,26.8,27.6,26.8,26.8,2513670
2019-01-23,26.9,26.55,26.9,26.55,26.55,3619900
2019-01-24,26.85,26.45,26.7,26.65,26.65,3041670
2019-01-25,27.25,26.65,26.95,26.65,26.65,2785030
2019-01-28,26.8,26.05,26.75,26.2,26.2,1864000
2019-01-29,26.5,25.9,26.2,26.5,26.5,3489019
2019-01-30,26.7,26.3,26.5,26.6,26.6,2117170
2019-01-31,26.6,26.3,26.6,26.5,26.5,2628160
2019-02-01,27.2,26.3,26.5,27.2,27.2,9859690
2019-02-11,27.3,26.8,27.0,27.05,27.05,4034660
2019-02-12,27.65,26.95,27.15,27.45,27.45,5957590
2019-02-13,27.75,27.4,27.45,27.55,27.55,8019920
2019-02-14,27.6,27.25,27.5,27.3,27.3,2290940
2019-02-15,27.65,27.1,27.2,27.25,27.25,3376380
2019-02-18,27.55,27.25,27.3,27.35,27.35,2160450
2019-02-19,28.2,27.4,27.4,27.55,27.55,7850600
2019-02-20,27.8,27.45,27.65,27.55,27.55,2760520
2019-02-21,27.7,27.3,27.6,27.5,27.5,2102120
2019-02-22,28.0,27.4,27.5,27.7,27.7,6443060
2019-02-25,28.0,27.7,27.9,27.75,27.75,4039400
2019-02-26,27.85,27.25,27.7,27.45,27.45,3078620
2019-02-27,27.5,27.05,27.45,27.2,27.2,4957000
2019-02-28,27.2,26.4,27.1,26.5,26.5,4845650
2019-03-01,26.85,26.4,26.6,26.6,26.6,2476680
2019-03-04,27.1,26.7,26.7,27.0,27.0,2834780
2019-03-05,27.2,26.7,26.85,26.8,26.8,3357790
2019-03-06,26.9,26.65,26.8,26.8,26.8,1004950
2019-03-07,27.05,26.75,26.75,26.75,26.75,1428410
2019-03-08,26.65,26.25,26.55,26.25,26.25,2892590
2019-03-11,26.5,26.25,26.5,26.3,26.3,894870
2019-03-12,26.8,26.25,26.6,26.8,26.8,5784510
2019-03-13,27.55,26.9,26.9,27.15,27.15,7701600
2019-03-14,27.25,26.9,27.2,26.9,26.9,5931040
2019-03-15,27.2,26.75,26.9,26.85,26.85,1750100
2019-03-18,27.25,26.8,26.95,27.05,27.05,11080770
2019-03-19,27.2,26.7,27.05,26.75,26.75,2578600
2019-03-20,26.75,26.4,26.75,26.6,26.6,20949820
2019-03-21,26.75,26.1,26.75,26.1,26.1,2858380
2019-03-22,26.3,25.95,26.15,26.1,26.1,3214920
2019-03-25,25.9,25.45,25.5,25.6,25.6,6267651
2019-03-26,25.9,25.4,25.6,25.5,25.5,2209810
2019-03-27,25.8,25.45,25.7,25.75,25.75,3426910
2019-03-28,25.8,25.55,25.65,25.55,25.55,848820
2019-03-29,25.8,25.55,25.55,25.6,25.6,5742360
2019-04-01,25.7,25.5,25.7,25.55,25.55,1213000
2019-04-02,25.85,25.45,25.7,25.5,25.5,1197560
2019-04-03,25.6,25.4,25.5,25.45,25.45,883080
2019-04-04,25.55,25.3,25.45,25.45,25.45,1104870
2019-04-05,25.5,25.4,25.5,25.4,25.4,790380
2019-04-08,25.4,25.1,25.4,25.25,25.25,1689220
2019-04-09,25.65,25.25,25.4,25.35,25.35,1526530
2019-04-10,25.5,25.0,25.3,25.1,25.1,4341990
2019-04-11,25.2,25.0,25.05,25.1,25.1,837020
2019-04-12,25.1,24.85,25.0,24.9,24.9,1318580
2019-04-16,24.75,24.4,24.65,24.55,24.55,2660580
2019-04-17,25.05,24.65,24.75,24.75,24.75,1022100
2019-04-18,24.8,24.25,24.75,24.25,24.25,1529950
2019-04-19,24.5,24.2,24.5,24.2,24.2,1146030
2019-04-22,24.3,23.65,24.2,23.75,23.75,1544290
2019-04-23,23.85,23.55,23.6,23.6,23.6,2020135
2019-04-24,24.35,23.7,23.7,24.35,24.35,2017730
2019-04-25,24.4,24.15,24.4,24.15,24.15,6559040
2019-04-26,24.2,24.0,24.05,24.15,24.15,943230
2019-05-02,24.2,23.8,24.1,23.85,23.85,5347712
2019-05-03,24.0,23.65,23.85,24.0,24.0,1760710
2019-05-06,23.9,23.1,23.65,23.3,23.3,5483780
2019-05-07,23.7,23.1,23.7,23.2,23.2,1294740
2019-05-08,23.0,22.65,23.0,22.95,22.95,2488770
2019-05-09,23.2,22.8,22.9,22.8,22.8,11330990
2019-05-10,23.15,22.8,23.0,23.15,23.15,1679270
2019-05-13,23.3,23.1,23.25,23.2,23.2,8152390
2019-05-14,23.2,22.85,23.0,23.0,23.0,1432870
2019-05-15,24.05,23.0,23.1,23.95,23.95,3310220
2019-05-16,24.1,23.65,24.1,23.75,23.75,5650490
2019-05-17,23.8,23.55,23.7,23.6,23.6,1949280
2019-05-20,23.9,23.4,23.55,23.85,23.85,2193490
2019-05-21,24.3,23.85,23.85,24.05,24.05,3382094
2019-05-22,24.2,23.7,23.7,23.7,23.7,6326530
2019-05-23,23.85,23.55,23.65,23.65,23.65,1487230
2019-05-24,23.7,23.2,23.55,23.2,23.2,6047390
2019-05-27,23.35,23.1,23.2,23.15,23.15,888140
2019-05-28,23.4,22.9,23.1,23.1,23.1,1428370
2019-05-29,23.1,22.75,23.05,22.75,22.75,2073420
2019-05-30,23.05,22.5,22.75,22.95,22.95,1454130
2019-05-31,23.0,22.6,22.95,22.6,22.6,1452700
2019-06-03,22.5,21.5,22.4,21.5,21.5,3640250
2019-06-04,21.8,21.1,21.75,21.2,21.2,3834950
2019-06-05,21.8,21.3,21.6,21.3,21.3,1078360
2019-06-06,21.5,20.9,21.3,21.35,21.35,1377350
2019-06-07,21.6,21.35,21.35,21.6,21.6,1471730
2019-06-10,21.9,21.3,21.8,21.5,21.5,2432830
2019-06-11,21.7,21.45,21.5,21.5,21.5,1207130
2019-06-12,21.6,21.3,21.5,21.3,21.3,672440
2019-06-13,21.3,21.1,21.3,21.15,21.15,5270890
2019-06-14,21.45,21.2,21.2,21.2,21.2,4744100
2019-06-17,21.35,20.8,21.3,20.8,20.8,7323430
2019-06-18,20.95,20.1,20.9,20.3,20.3,18261100
2019-06-19,20.65,20.0,20.1,20.1,20.1,2057320
2019-06-20,20.8,20.15,20.2,20.6,20.6,8495050
2019-06-21,21.1,20.7,20.8,20.8,20.8,1744400
2019-06-24,21.05,20.65,20.7,20.9,20.9,1914430
2019-06-25,20.9,20.65,20.65,20.75,20.75,9116400
2019-06-26,20.7,20.3,20.4,20.4,20.4,9253060
2019-06-27,20.5,20.2,20.2,20.2,20.2,1726040
2019-06-28,20.4,19.95,20.35,20.35,20.35,14997770
2019-07-01,21.1,20.55,21.0,21.0,21.0,10072480
2019-07-02,21.25,20.75,20.9,20.9,20.9,3028070
2019-07-03,21.0,20.65,20.75,20.8,20.8,1983500
2019-07-04,21.5,20.8,20.75,21.4,21.4,4396600
2019-07-05,21.6,21.2,21.45,21.35,21.35,1549360
2019-07-08,21.35,20.55,21.3,20.9,20.9,6609400
2019-07-09,20.9,20.6,20.7,20.7,20.7,4383650
2019-07-10,21.0,20.7,20.85,20.7,20.7,906800
2019-07-11,21.1,20.8,20.9,21.0,21.0,2834510
2019-07-12,21.2,20.7,21.1,20.7,20.7,2769760
2019-07-15,21.25,20.75,21.1,21.15,21.15,4052380
2019-07-16,21.4,21.1,21.15,21.2,21.2,2654750
2019-07-17,21.3,21.0,21.3,21.1,21.1,5016360
2019-07-18,21.1,20.8,21.3,20.9,20.9,2882630
2019-07-19,21.3,21.0,21.3,21.2,21.2,3366840
2019-07-22,21.3,20.95,21.15,21.05,21.05,5967500
2019-07-23,21.15,21.0,21.05,21.05,21.05,1565740
2019-07-24,21.2,20.9,21.1,20.95,20.95,2142730
2019-07-25,21.0,20.9,20.95,20.9,20.9,2027030
2019-07-26,20.95,20.75,20.85,20.8,20.8,1265510
2019-07-29,21.05,20.75,21.0,20.8,20.8,4439230
2019-07-30,20.9,20.65,20.9,20.7,20.7,1601320
2019-07-31,20.7,20.55,20.7,20.55,20.55,3939540
2019-08-01,20.7,20.5,20.6,20.7,20.7,1192180
2019-08-02,20.7,20.35,20.4,20.55,20.55,6145070
2019-08-05,20.55,20.3,20.4,20.4,20.4,2653940
2019-08-06,20.3,19.9,20.2,20.25,20.25,1970250
2019-08-07,20.4,20.05,20.2,20.1,20.1,2896962
2019-08-08,20.25,20.0,20.1,20.2,20.2,1798980
2019-08-09,20.3,20.1,20.2,20.2,20.2,928580
2019-08-12,20.35,20.2,20.2,20.25,20.25,840220
2019-08-13,20.7,20.15,20.2,20.65,20.65,2362520
2019-08-14,20.95,20.7,20.85,20.85,20.85,1250150
2019-08-15,21.0,20.4,20.4,21.0,21.0,2105150
2019-08-16,22.0,20.9,21.0,21.9,21.9,6269250
2019-08-19,21.9,21.5,21.9,21.55,21.55,1975460
2019-08-20,21.7,21.35,21.6,21.55,21.55,5962680
2019-08-21,21.8,21.4,21.65,21.65,21.65,2062850
2019-08-22,21.85,21.6,21.65,21.65,21.65,1593030
2019-08-23,21.65,21.45,21.6,21.65,21.65,1304670
2019-08-26,21.35,20.95,21.2,21.25,21.25,3277300
2019-08-27,21.55,21.3,21.35,21.45,21.45,1805340
2019-08-28,21.5,21.35,21.4,21.4,21.4,736990
2019-08-29,21.4,21.1,21.4,21.35,21.35,948710
2019-08-30,21.5,21.25,21.4,21.5,21.5,1256390
2019-09-03,21.65,21.4,21.6,21.4,21.4,1136630
2019-09-04,21.8,21.25,21.6,21.7,21.7,2228840
2019-09-05,22.45,21.7,21.7,22.2,22.2,4417320
2019-09-06,22.45,22.1,22.35,22.2,22.2,1189570
2019-09-09,22.2,21.65,22.2,21.7,21.7,17082060
2019-09-10,21.9,21.45,21.6,21.45,21.45,2538930
2019-09-11,21.75,21.4,21.5,21.75,21.75,11628440
2019-09-12,22.0,21.7,21.75,21.95,21.95,1835330
2019-09-13,22.65,21.9,21.9,22.65,22.65,5546230
2019-09-16,22.75,22.45,22.65,22.6,22.6,12170250
2019-09-17,22.7,22.45,22.65,22.6,22.6,8722833
2019-09-18,22.75,22.4,22.65,22.6,22.6,16769110
2019-09-19,22.95,22.5,22.6,22.95,22.95,3286360
2019-09-20,23.2,22.95,23.0,23.15,23.15,2046450
2019-09-23,23.25,22.65,23.2,22.65,22.65,5871120
2019-09-24,22.8,22.55,22.65,22.6,22.6,12268720
2019-09-25,22.75,22.4,22.6,22.65,22.65,7603250
2019-09-26,23.15,22.65,22.65,23.1,23.1,2335980
2019-09-27,23.35,23.0,23.1,23.2,23.2,2199880
2019-09-30,23.5,23.15,23.3,23.35,23.35,2640100
2019-10-01,23.75,23.15,23.35,23.75,23.75,2372320
2019-10-02,23.95,23.6,23.7,23.75,23.75,2720060
2019-10-03,23.8,23.35,23.5,23.8,23.8,2152040
2019-10-04,23.95,23.5,23.85,23.6,23.6,2400040
2019-10-07,23.65,23.15,23.65,23.15,23.15,5843130
2019-10-08,23.55,23.15,23.65,23.55,23.55,2039340
2019-10-09,23.65,23.45,23.6,23.65,23.65,1287970
2019-10-10,23.75,23.55,23.55,23.65,23.65,980628
2019-10-11,23.7,23.55,23.6,23.6,23.6,859400
2019-10-14,24.2,23.6,23.7,23.9,23.9,5147390
2019-10-15,24.25,23.6,23.85,24.25,24.25,4820730
2019-10-16,24.55,24.3,24.45,24.45,24.45,2027890
2019-10-17,24.4,24.15,24.4,24.4,24.4,2511790
2019-10-18,24.6,24.3,24.4,24.4,24.4,1665000
2019-10-21,24.4,23.6,24.4,23.9,23.9,3256090
2019-10-22,24.0,23.75,23.9,24.0,24.0,1359780
2019-10-23,24.0,23.8,24.0,23.95,23.95,1210010
2019-10-24,24.0,23.75,24.0,23.85,23.85,1614410
2019-10-25,23.9,23.7,23.9,23.85,23.85,4777570
2019-10-28,24.0,23.75,23.95,23.8,23.8,6812090
2019-10-29,23.8,23.55,23.8,23.7,23.7,1682590
2019-10-30,24.0,23.6,23.7,23.8,23.8,1720720
2019-10-31,23.95,23.7,23.8,23.7,23.7,1349530
2019-11-01,23.85,23.6,23.7,23.75,23.75,1296580
2019-11-04,24.4,23.75,23.9,24.35,24.35,10009658
2019-11-05,24.9,24.4,24.5,24.75,24.75,2694570
2019-11-06,24.85,24.65,24.85,24.75,24.75,2870500
2019-11-07,24.8,24.65,24.8,24.8,24.8,1494440
2019-11-08,25.15,24.8,24.8,25.1,25.1,7337220
2019-11-11,25.5,25.05,25.2,25.15,25.15,3594060
2019-11-12,25.2,25.0,25.05,25.15,25.15,1410930
2019-11-13,25.3,24.75,25.3,24.75,24.75,3458350
2019-11-14,24.75,24.45,24.7,24.7,24.7,1889980
2019-11-15,24.95,24.4,24.7,24.9,24.9,1519990
2019-11-18,24.95,24.45,24.9,24.45,24.45,1347810
2019-11-19,24.8,24.45,24.45,24.75,24.75,986340
2019-11-20,24.9,24.3,24.8,24.4,24.4,1185900
2019-11-21,24.4,23.5,24.35,23.5,23.5,4049470
2019-11-22,24.0,22.8,23.05,23.05,23.05,2348690
2019-11-25,23.3,22.85,23.1,23.3,23.3,1130080
2019-11-26,23.5,23.3,23.4,23.45,23.45,2823090
2019-11-27,23.6,23.35,23.5,23.35,23.35,4066030
2019-11-28,23.35,22.9,23.35,22.9,22.9,5587640
2019-11-29,23.1,22.75,23.0,22.9,22.9,3359900
2019-12-02,23.05,22.6,22.95,22.7,22.7,2301110
2019-12-03,22.75,22.35,22.7,22.55,22.55,7108650
2019-12-04,23.45,22.55,22.55,23.45,23.45,1902740
2019-12-05,23.55,23.1,23.45,23.25,23.25,588750
2019-12-06,23.4,23.1,23.25,23.15,23.15,641620
2019-12-09,23.25,22.7,23.15,22.8,22.8,924820
2019-12-10,22.8,22.3,22.75,22.4,22.4,11861250
2019-12-11,22.75,22.5,22.5,22.7,22.7,11452790
2019-12-12,23.3,22.65,22.65,23.15,23.15,5464330
2019-12-13,23.25,23.0,23.2,23.15,23.15,4177480
2019-12-16,23.15,22.9,23.0,23.15,23.15,11471870
2019-12-17,23.15,22.75,23.1,22.75,22.75,8436950
2019-12-18,22.8,22.6,22.7,22.7,22.7,10971130
2019-12-19,22.75,22.3,22.6,22.35,22.35,12846590
2019-12-20,22.8,22.4,22.4,22.8,22.8,9058500
2019-12-23,23.25,22.9,23.0,23.1,23.1,2414730
2019-12-24,23.15,22.85,23.15,23.0,23.0,8740850
2019-12-25,23.15,22.95,23.0,23.0,23.0,11697310
2019-12-26,23.05,22.9,23.0,23.05,23.05,4990680
2019-12-27,23.2,22.95,23.05,23.2,23.2,1203250
2019-12-30,23.95,23.35,23.5,23.45,23.45,3286800
2019-12-31,23.75,23.45,23.45,23.55,23.55,961540
2020-01-02,23.85,23.5,23.55,23.8,23.8,1410040
2020-01-03,23.95,23.65,23.9,23.65,23.65,756700
2020-01-06,23.4,23.05,23.4,23.05,23.05,1162990
2020-01-07,23.2,23.0,23.05,23.2,23.2,2460100
2020-01-08,23.05,22.6,22.8,22.75,22.75,1710390
2020-01-09,23.1,22.85,23.0,23.05,23.05,2009840
2020-01-10,23.5,23.0,23.0,23.15,23.15,3679110
2020-01-13,23.15,22.75,23.0,22.95,22.95,892360
2020-01-14,23.05,22.9,22.95,22.9,22.9,2280980
2020-01-15,23.0,22.8,22.9,22.9,22.9,5915280
2020-01-16,23.35,22.9,22.9,23.3,23.3,6479220
2020-01-17,23.6,23.3,23.4,23.4,23.4,1875160
2020-01-20,23.45,23.2,23.3,23.35,23.35,2361730
2020-01-21,24.05,23.4,23.45,24.05,24.05,7591840
2020-01-22,24.25,23.95,24.25,24.2,24.2,2309150
2020-01-30,23.8,22.75,23.5,22.9,22.9,4168510
2020-01-31,22.9,21.6,22.65,21.6,21.6,6368260
2020-02-03,22.1,20.35,21.45,21.45,21.45,4258750
2020-02-04,21.9,21.2,21.5,21.75,21.75,2196570
2020-02-05,22.15,21.55,22.0,21.75,21.75,2458210
2020-02-06,22.45,21.5,22.35,22.35,22.35,2677150
2020-02-07,22.35,21.9,22.35,22.15,22.15,1985440
2020-02-10,22.0,21.65,21.9,21.85,21.85,2133800
2020-02-11,22.3,21.85,21.85,22.15,22.15,1353360
2020-02-12,22.95,22.2,22.3,22.65,22.65,26142240
2020-02-13,22.65,22.4,22.55,22.6,22.6,1905410
2020-02-14,23.4,22.9,23.1,23.3,23.3,4395740
2020-02-17,23.9,23.25,23.4,23.8,23.8,6393370
2020-02-18,24.1,23.55,23.8,23.7,23.7,4268770
2020-02-19,23.7,23.45,23.6,23.65,23.65,2200690
2020-02-20,23.9,23.3,23.7,23.5,23.5,2950950
2020-02-21,23.7,23.1,23.4,23.1,23.1,3045880
2020-02-24,22.75,21.5,22.75,21.5,21.5,8183570
2020-02-25,22.25,20.8,21.0,22.2,22.2,3236900
2020-02-26,22.5,21.6,21.75,22.35,22.35,2243500
2020-02-27,22.75,22.2,22.35,22.75,22.75,3263030
2020-02-28,22.4,21.85,22.0,22.25,22.25,2433150
2020-03-02,22.65,22.1,22.4,22.5,22.5,2567350
2020-03-03,23.0,22.5,22.85,22.5,22.5,2605020
2020-03-04,22.6,22.2,22.35,22.55,22.55,1936620
2020-03-05,22.85,22.3,22.55,22.3,22.3,2099080
2020-03-06,22.2,21.8,22.2,22.05,22.05,8539920
2020-03-09,21.0,20.55,20.65,20.55,20.55,8961583
2020-03-10,21.0,20.1,20.4,20.7,20.7,12157860
2020-03-11,20.95,19.3,20.8,19.3,19.3,6126550
2020-03-12,18.5,17.95,18.0,17.95,17.95,5165160
2020-03-13,18.55,16.7,16.7,18.25,18.25,13136790
2020-03-16,18.25,17.2,18.25,17.45,17.45,6830950
2020-03-17,17.95,16.85,17.95,17.95,17.95,13648160
2020-03-18,18.2,17.7,18.1,17.95,17.95,18816520
2020-03-19,17.8,17.15,17.6,17.25,17.25,3436710
2020-03-20,17.5,17.15,17.45,17.35,17.35,2838140
2020-03-23,17.0,16.15,16.2,16.15,16.15,5752690
2020-03-24,16.5,16.0,16.5,16.1,16.1,3357000
2020-03-25,16.7,16.3,16.5,16.6,16.6,5100270
2020-03-26,16.6,16.1,16.6,16.1,16.1,17380990
2020-03-27,16.2,15.6,16.15,16.0,16.0,8427330
2020-03-30,15.5,14.9,15.1,14.9,14.9,3493730
2020-03-31,15.5,14.0,15.0,15.0,15.0,2748850
2020-04-01,15.6,14.35,15.0,15.5,15.5,29256480
2020-04-03,15.95,15.5,15.5,15.85,15.85,2133510
2020-04-06,16.95,16.1,16.2,16.95,16.95,5480870
2020-04-07,17.2,16.8,17.0,16.95,16.95,4539990
2020-04-08,16.8,16.3,16.8,16.7,16.7,1476800
2020-04-09,17.15,16.85,17.1,16.9,16.9,2269830
2020-04-10,16.95,16.65,16.7,16.75,16.75,1548900
2020-04-13,17.6,16.75,16.75,17.2,17.2,3550330
2020-04-14,17.35,16.9,17.35,17.15,17.15,1474850
2020-04-15,17.55,17.2,17.3,17.55,17.55,5625080
2020-04-16,17.55,17.2,17.5,17.55,17.55,2423150
2020-04-17,17.85,17.5,17.8,17.75,17.75,4660970
2020-04-20,17.95,17.5,17.9,17.7,17.7,3570390
2020-04-21,17.4,16.7,17.3,16.85,16.85,3045020
2020-04-22,17.2,16.25,16.25,16.9,16.9,1981950
2020-04-23,17.3,16.95,17.2,16.95,16.95,5445290
2020-04-24,17.15,16.9,17.1,17.1,17.1,851770
2020-04-27,17.25,17.0,17.1,17.05,17.05,2477054
2020-04-28,17.15,16.85,17.15,17.1,17.1,2354160
2020-04-29,17.55,17.0,17.2,17.2,17.2,3925010
2020-05-04,17.7,17.15,17.2,17.4,17.4,2418840
2020-05-05,17.6,17.35,17.5,17.4,17.4,1066000
2020-05-06,17.55,17.25,17.55,17.55,17.55,1675100
2020-05-07,17.7,17.45,17.55,17.7,17.7,2839540
2020-05-08,18.9,17.7,17.7,18.9,18.9,7760470
2020-05-11,20.2,19.35,20.2,20.2,20.2,6865680
2020-05-12,20.75,19.6,20.1,20.6,20.6,4916360
2020-05-13,20.7,19.8,20.3,20.6,20.6,4929740
2020-05-14,20.6,20.1,20.4,20.5,20.5,5339590
2020-05-15,20.6,20.0,20.6,20.25,20.25,3535080
2020-05-18,20.75,19.9,20.05,20.65,20.65,4869610
2020-05-19,21.4,20.95,21.35,21.3,21.3,4200930
2020-05-20,21.2,20.95,21.0,21.05,21.05,2059850
2020-05-21,22.0,20.85,21.05,22.0,22.0,3539410
2020-05-22,21.6,21.05,21.6,21.05,21.05,3672780
2020-05-25,21.3,20.95,21.1,21.05,21.05,2540930
2020-05-26,21.3,21.0,21.1,21.15,21.15,2830450
2020-05-27,21.4,20.9,21.2,20.9,20.9,2673490
2020-05-28,21.2,20.8,20.9,20.9,20.9,1840720
2020-05-29,20.95,20.7,20.85,20.7,20.7,1647960
2020-06-01,21.3,20.8,20.8,21.3,21.3,2688010
2020-06-02,21.5,21.1,21.5,21.15,21.15,5797750
2020-06-03,21.45,21.15,21.15,21.35,21.35,2138350
2020-06-04,21.45,21.2,21.4,21.2,21.2,2216760
2020-06-05,21.45,21.1,21.25,21.45,21.45,4779781
2020-06-08,21.9,21.55,21.55,21.7,21.7,12857860
2020-06-09,21.8,21.5,21.7,21.55,21.55,9702620
2020-06-10,21.95,21.25,21.35,21.85,21.85,2611700
2020-06-11,21.9,20.9,21.9,20.9,20.9,10090810
2020-06-12,21.25,20.5,20.6,21.15,21.15,3951790
2020-06-15,21.1,20.05,21.1,20.1,20.1,2367220
2020-06-16,20.6,20.3,20.5,20.6,20.6,19150560
2020-06-17,20.6,20.25,20.6,20.3,20.3,1673900
2020-06-18,20.45,20.2,20.3,20.2,20.2,12275970
2020-06-19,20.5,20.2,20.2,20.5,20.5,12175880
2020-06-22,20.95,20.5,20.95,20.75,20.75,1221740
2020-06-23,20.8,20.6,20.75,20.65,20.65,3191130
2020-06-24,20.75,20.4,20.7,20.5,20.5,1554400
2020-06-25,20.4,20.1,20.2,20.2,20.2,2460400
2020-06-26,20.5,20.15,20.5,20.35,20.35,706630
2020-06-29,20.1,19.6,20.0,19.65,19.65,3403500
2020-06-30,19.9,19.1,19.75,19.55,19.55,6290510
2020-07-01,19.9,19.45,19.5,19.8,19.8,751460
2020-07-02,19.95,19.5,19.95,19.75,19.75,6590010
2020-07-03,19.8,19.55,19.75,19.8,19.8,893390
2020-07-06,20.25,19.8,19.8,20.25,20.25,1877750
2020-07-07,20.4,20.2,20.3,20.25,20.25,3274910
2020-07-08,20.25,20.1,20.2,20.1,20.1,12571540
2020-07-09,20.95,20.1,20.25,20.95,20.95,3310910
2020-07-10,20.95,20.45,20.85,20.45,20.45,7798740
2020-07-13,20.8,20.0,20.8,20.3,20.3,1764919
2020-07-14,20.3,20.0,20.2,20.1,20.1,1809120
2020-07-15,20.75,20.3,20.3,20.6,20.6,1697190
2020-07-16,21.0,20.4,20.6,21.0,21.0,1662150
2020-07-17,20.8,20.55,20.7,20.6,20.6,6041950
2020-07-20,20.65,20.45,20.5,20.5,20.5,1164560
2020-07-21,20.55,20.3,20.5,20.5,20.5,818210
2020-07-22,20.6,20.25,20.6,20.25,20.25,14007170
2020-07-23,20.3,20.1,20.2,20.3,20.3,861140
2020-07-24,20.3,19.0,20.3,19.5,19.5,3766240
2020-07-27,19.2,18.15,19.1,18.15,18.15,3077650
2020-07-28,18.8,18.0,18.2,18.75,18.75,3333870
2020-07-29,18.4,17.5,18.3,18.15,18.15,1841250
2020-07-30,19.0,17.5,18.2,18.6,18.6,974910
2020-07-31,18.65,18.15,18.2,18.15,18.15,6344050
2020-08-03,18.6,18.15,18.25,18.6,18.6,1247760
2020-08-04,19.1,18.75,18.9,18.85,18.85,3746110
2020-08-05,19.45,18.7,18.9,19.45,19.45,11182640
2020-08-06,19.5,19.1,19.4,19.2,19.2,1860660
2020-08-07,19.35,19.05,19.3,19.15,19.15,981290
2020-08-10,19.7,19.3,19.3,19.4,19.4,4543670
2020-08-11,19.55,19.3,19.55,19.45,19.45,1334060
2020-08-12,19.7,19.45,19.45,19.65,19.65,1655530
2020-08-13,19.85,19.6,19.75,19.8,19.8,1684180
2020-08-14,20.2,19.65,19.8,19.8,19.8,2588850
2020-08-17,20.15,19.75,20.1,20.1,20.1,2972740
2020-08-18,20.2,20.0,20.1,20.05,20.05,7141280
2020-08-19,20.25,20.0,20.1,20.2,20.2,1132620
2020-08-20,20.25,19.85,20.2,20.0,20.0,3659990
2020-08-21,20.4,20.1,20.1,20.35,20.35,2817550
2020-08-24,21.0,20.5,20.75,20.95,20.95,2749740
2020-08-25,21.4,21.0,21.0,21.3,21.3,3775640
2020-08-26,21.3,21.0,21.2,21.1,21.1,2116830
2020-08-27,21.2,21.0,21.1,21.15,21.15,2328490
2020-08-28,21.85,21.25,21.3,21.6,21.6,5154230
2020-08-31,21.8,21.25,21.6,21.3,21.3,1793790
2020-09-01,21.7,21.1,21.3,21.7,21.7,3999350
2020-09-03,22.1,21.7,21.75,22.0,22.0,3408410
2020-09-04,21.9,21.7,21.7,21.85,21.85,3016910
2020-09-07,21.95,21.2,21.85,21.2,21.2,12648940
2020-09-08,21.5,21.05,21.35,21.5,21.5,7396240
2020-09-09,21.5,20.95,21.1,21.2,21.2,2762390
2020-09-10,21.6,21.3,21.3,21.45,21.45,1524900
2020-09-11,21.45,21.1,21.25,21.3,21.3,1261940
2020-09-14,21.55,21.3,21.3,21.5,21.5,6123530
2020-09-15,21.55,21.35,21.5,21.35,21.35,13751880
2020-09-16,21.45,21.25,21.35,21.4,21.4,1844880
2020-09-17,21.6,21.25,21.4,21.3,21.3,8654030
2020-09-18,21.8,21.35,21.4,21.8,21.8,19764120
2020-09-21,22.3,22.0,22.0,22.3,22.3,11605890
2020-09-22,22.45,22.05,22.2,22.35,22.35,3669840
2020-09-23,22.5,22.25,22.35,22.3,22.3,6286450
2020-09-24,22.45,22.1,22.25,22.45,22.45,10182080
2020-09-25,22.5,22.25,22.45,22.4,22.4,10922520
2020-09-28,23.0,22.25,22.35,22.85,22.85,21381240
2020-09-29,23.0,22.55,22.9,22.55,22.55,9473020
2020-09-30,22.6,22.3,22.55,22.6,22.6,2607980
2020-10-01,22.9,22.6,22.65,22.8,22.8,3895900
2020-10-02,23.0,22.35,22.9,22.55,22.55,4403480
2020-10-05,22.75,22.25,22.55,22.55,22.55,6380590
2020-10-06,22.75,22.2,22.7,22.4,22.4,6850730
2020-10-07,22.35,21.8,22.3,21.8,21.8,12159210
2020-10-08,22.0,21.35,21.9,21.35,21.35,16398900
2020-10-09,21.95,21.3,21.5,21.35,21.35,18022890
2020-10-12,21.85,21.2,21.7,21.2,21.2,15697730
2020-10-13,21.65,21.2,21.25,21.4,21.4,15195200
2020-10-14,22.85,21.6,21.6,22.85,22.85,74982921
2020-10-15,23.8,22.8,23.45,22.85,22.85,25323170
2020-10-16,23.3,22.6,22.9,22.65,22.65,36831390
2020-10-19,23.35,22.85,22.95,23.0,23.0,34756140
2020-10-20,24.15,23.0,23.0,23.9,23.9,35777020
2020-10-21,24.4,23.7,24.2,23.75,23.75,32546070
2020-10-22,24.0,23.5,23.7,23.95,23.95,24491990
2020-10-23,24.2,23.85,24.1,24.0,24.0,28485008
2020-10-26,24.95,23.35,24.4,23.35,23.35,24707670
2020-10-27,23.95,23.3,23.8,23.3,23.3,31195330
2020-10-28,23.45,22.4,23.3,22.4,22.4,38933939
2020-10-29,22.7,21.8,22.1,21.8,21.8,36149460
2020-10-30,22.25,21.35,22.1,21.35,21.35,29109760
2020-11-02,21.85,21.4,21.6,21.4,21.4,22943680
2020-11-03,22.45,21.65,21.8,22.0,22.0,28001750
2020-11-04,22.6,22.15,22.35,22.15,22.15,22027670
2020-11-05,22.35,21.8,22.15,21.8,21.8,20205660
2020-11-06,22.0,21.5,21.9,21.6,21.6,15498880
2020-11-09,22.2,21.8,21.85,22.05,22.05,17959900
2020-11-10,22.55,22.05,22.5,22.1,22.1,21280910
2020-11-11,22.4,22.0,22.2,22.0,22.0,15018190
2020-11-12,22.3,22.0,22.1,22.3,22.3,10771120
2020-11-13,23.15,22.4,22.4,23.0,23.0,22976970
2020-11-16,23.4,22.8,23.4,22.9,22.9,25236270
2020-11-17,23.35,22.85,23.0,23.35,23.35,17968260
2020-11-18,23.6,23.1,23.3,23.35,23.35,22760740
2020-11-19,23.6,23.2,23.35,23.4,23.4,16935520
2020-11-20,23.5,23.3,23.5,23.4,23.4,13796080
2020-11-23,23.65,23.1,23.4,23.6,23.6,17857230
2020-11-24,24.0,23.4,23.7,23.65,23.65,22530770
2020-11-25,23.95,23.55,23.6,23.6,23.6,14541890
2020-11-26,23.7,23.4,23.65,23.6,23.6,13091570
2020-11-27,23.9,23.55,23.6,23.7,23.7,17592530
2020-11-30,24.4,23.7,23.95,24.1,24.1,25379230
2020-12-01,24.5,23.65,23.8,24.5,24.5,22947760
2020-12-02,25.3,24.6,24.6,25.1,25.1,39835330
2020-12-03,25.5,25.0,25.1,25.0,25.0,20012250
2020-12-04,25.0,24.75,24.85,24.8,24.8,16757860
2020-12-07,25.2,24.8,25.05,25.05,25.05,13044510
2020-12-08,25.2,24.9,25.2,25.0,25.0,14341140
2020-12-09,25.9,25.05,25.1,25.75,25.75,19715470
2020-12-10,26.0,25.3,26.0,25.3,25.3,19333060
2020-12-11,25.65,25.05,25.3,25.65,25.65,14156670
2020-12-14,26.3,25.7,25.9,26.2,26.2,26371300
2020-12-15,26.35,25.95,26.1,26.15,26.15,17498420
2020-12-16,27.95,26.4,26.45,27.95,27.95,31958770
2020-12-17,29.35,27.95,28.0,28.35,28.35,29992380
2020-12-18,29.25,28.5,28.5,29.2,29.2,24075090
2020-12-21,29.9,29.1,29.5,29.4,29.4,29002010
2020-12-22,29.5,29.05,29.15,29.2,29.2,18842480
2020-12-23,29.25,28.5,29.2,28.7,28.7,22299373
2020-12-24,28.9,26.9,28.9,27.95,27.95,26106600
2020-12-25,29.6,27.7,27.95,29.55,29.55,18797140
